,data,label
0,"191 p 172 r 85 i 157 n 159 t 188 Shift 312 ( 330 m 124 a 217 t 64 h 311 . 154 z 255 i 171 n 355 Backspace 181 Backspace 186 s 219 Backspace 180 Backspace 142 s 176 i 172 n 300 Shift 222 ( 285 m 44 a 221 t 80 h 265 . 445 p 212 i 294 / 539 2 315 Shift 249 ) 175 ) 380 Enter 698 p 109 r 96 i 153 n 92 t 187 Shift 217 ( 875 [ 244 Shift 88 "" 618 o 214 r 158 a 202 n 76 g 60 e 224 s 345 Shift 56 "" 447 , 204 SPACE 277 Shift 114 "" 866 t 156 a 102 b 163 l 22 e 250 s 241 Shift 108 "" 1621 Shift 288 ) 485 Backspace 613 ] 342 Shift 256 ) 353 Enter 812 p 87 r 119 i 166 n 92 t 193 Shift 193 ( 1275 w 234 e 211 i 139 g 126 h 138 t 745 SPACE 228 / 242 SPACE 242 Shift 283 ( 347 h 153 e 139 i 109 g 104 h 116 t 497 SPACE 577 Shift 169 * 305 SPACE 272 h 68 e 298 i 198 g 127 h 127 t 266 Shift 196 ) 212 ) 616 Enter 712 p 106 r 112 i 242 n 211 t 242 Shift 224 ( 431 x 199 x 594 Backspace 281 SPACE 183 i 116 f 96 SPACE 327 x 192 SPACE 333 Shift 137 > 510 Shift 161 = 267 SPACE 666 y 202 SPACE 228 e 141 l 104 s 175 e 358 SPACE 559 y 368 Shift 265 ) 320 Enter 881 p 158 r 104 i 133 n 196 t 206 Shift 189 ( 217 s 240 [ 734 0 332 ] 791 . 293 u 224 p 146 p 80 e 221 r 130 Shift 165 ( 175 ) 410 SPACE 420 f 161 o 100 r 134 SPACE 189 s 314 SPACE 821 i 179 n 172 SPACE 365 Shift 101 "" 267 a 160 b 218 c 318 d 223 e 242 f 311 g 241 Shift 89 "" 253 Shift 156 ) 208 ) 569 Backspace",2
1,"782129 p 150 r 85 i 151 n 116 t 214 Shift 209 ( 289 m 44 a 229 t 51 h 238 . 188 s 140 i 154 n 284 Shift 221 ( 278 m 40 a 221 t 68 h 222 . 395 s 970 Backspace 412 p 206 i 326 Shift 500 / 228 2 201 Shift 221 ) 171 ) 384 Enter 699 p 123 r 101 i 133 n 145 t 245 Shift 216 ( 902 [ 258 Shift 361 "" 606 o 139 r 197 a 165 n 86 g 92 e 205 s 308 Shift 108 "" 873 , 203 SPACE 206 Shift 101 "" 582 t 154 a 116 b 159 l 44 e 278 s 576 Shift 152 "" 1080 ] 376 Shift 265 ) 332 Enter 787 p 131 r 64 i 156 n 122 t 270 Shift 293 ( 342 w 562 e 256 i 183 g 216 h 89 t 937 SPACE 222 / 223 SPACE 235 Shift 224 ( 247 h 97 e 153 i 76 g 126 h 109 t 477 SPACE 514 Shift 165 * 280 SPACE 286 h 91 e 164 i 86 g 122 h 144 t 248 Shift 196 ) 253 ) 551 Enter 937 p 135 r 68 i 143 n 139 t 173 Shift 201 ( 200 x 177 SPACE 683 i 158 f 140 SPACE 192 x 84 SPACE 424 Shift 140 < 608 Backspace 367 Shift 120 > 262 Shift 172 = 305 SPACE 1466 y 331 SPACE 248 e 88 l 161 s 164 e 297 SPACE 776 y 345 Shift 316 ) 372 Enter 1064 p 161 r 60 i 135 n 132 t 174 Shift 180 ( 158 s 646 [ 532 0 610 ] 1276 . 289 u 222 p 175 p 10 e 190 r 205 Shift 216 ( 410 Shift 308 ) 1029 SPACE 135 f 117 o 98 r 79 SPACE 201 s 56 SPACE 353 i 153 n 231 SPACE 255 Shift 160 "" 375 a 150 b 164 c 241 d 184 e 239 f 268 g 269 Shift 96 "" 244 Shift 201 )",2
2,"228241 p 422 r 84 i 160 n 126 t 731 Shift 145 ( 913 m 88 a 176 t 147 h 900 . 297 s 64 i 259 n 990 Shift 140 ( 585 m 92 a 212 t 118 h 1119 . 440 p 180 i 1456 / 714 2 528 Shift 300 ) 196 ) 1167 Enter 474 p 326 r 72 i 165 n 137 t 800 Shift 185 ( 1346 [ 473 Shift 601 "" 1415 o 1232 r 84 a 48 n 1031 g 208 e 418 s 620 Shift 1304 "" 1647 , 1209 Shift 437 "" 1231 t 76 a 623 b 449 l 118 e 714 s 311 Shift 1418 "" 1627 ] 815 Shift 203 ) 864 Enter 793 p 356 r 58 i 188 n 83 t 757 Shift 361 ( 1119 w 108 e 234 i 525 g 90 h 142 t 2033 / 1456 Shift 172 ( 477 h 84 i 60 t 1658 Backspace 417 g 283 h 211 u 196 t 912 Backspace 158 Backspace 236 Backspace 1310 h 426 t 2557 Shift 193 * 1596 Backspace 1056 SPACE 277 Shift 434 * 432 SPACE 1590 h 84 e 1648 i 150 g 109 h 184 t 1071 Shift 309 ) 131 ) 874 Enter 3545 p 1614 r 104 i 206 n 140 t 742 Shift 189 ( 1982 x 590 SPACE 675 i 89 f 270 SPACE 930 x 683 SPACE 628 Shift 240 > 536 = 593 SPACE 1990 y 234 SPACE 749 e 297 l 207 s 100 e 504 SPACE 326 Shift 168 Y 837 ) 470 Enter 583 Backspace 208 Backspace 191 Backspace 1049 y 603 Shift 222 ) 1272 Enter 1620 p 1181 r 189 i 511 t 183 n 1583 Backspace 158 Backspace 509 n 105 t 1010 Shift 217 ( 964 s 1565 [ 1283 0 487 ] 1634 . 1658 u 1649 p 156 p 504 e 659 r 1631 Shift 248 ( 120 ) 1273 SPACE 2443 f 102 o 145 r 210 SPACE 492 s 340 SPACE 185 i 195 n 537 SPACE 667 Shift 364 "" 1522 a 558 b 217 c 1246 d 206 e 3735 f 245 g 1207 Shift 760 "" 820 )",2
3,"87065 p 266 r 157 i 162 n 184 t 1156 Shift 208 ( 923 m 133 a 319 t 227 h 1682 . 979 s 159 i 186 n 935 Shift 121 ( 1298 m 144 a 247 t 249 h 1808 . 1691 p 363 i 789 / 1928 2 879 Shift 128 ) 628 ) 541 Enter 905 p 368 r 115 i 194 n 197 t 1419 Shift 387 ( 1117 Shift 180 { 1206 Backspace 312 [ 2221 Shift 144 "" 1009 o 1035 r 152 a 410 n 647 g 154 e 967 s 1110 Shift 160 "" 1769 , 1611 Shift 512 "" 694 t 132 a 448 b 204 l 334 e 2791 s 1305 Shift 272 "" 1386 ] 1161 Shift 220 ) 2214 Enter 1204 p 450 r 132 i 173 n 244 t 879 Shift 336 ( 1226 w 1116 e 964 i 406 g 239 h 1405 t 1359 / 2474 Shift 333 ( 709 h 823 e 670 i 739 g 199 h 411 t 2877 Shift 148 * 2876 h 263 e 804 i 343 g 222 h 195 t 854 Shift 337 ) 168 ) 747 Enter 789 p 235 r 218 i 205 n 202 t 1058 Shift 220 ( 1625 x 479 SPACE 1325 i 251 f 287 SPACE 2847 x 2022 SPACE 816 Shift 1529 > 608 = 2016 y 239 SPACE 511 e 187 l 492 s 177 e 391 SPACE 1083 y 1106 Shift 189 ) 1195 Enter 739 p 209 r 281 i 194 n 181 t 1080 Shift 193 ( 1039 s 886 [ 610 0 493 ] 1507 . 505 u 907 p 223 p 248 e 303 r 760 Shift 373 ( 111 ) 1139 f 128 o 221 r 1789 ArrowLeft 196 ArrowLeft 306 ArrowLeft 299 SPACE 1525 ArrowRight 159 ArrowRight 176 ArrowRight 522 SPACE 713 s 232 SPACE 222 i 203 n 1242 Shift 207 "" 941 a 1294 b 319 c 369 d 339 e 205 f 1406 g 876 Shift 273 "" 1265 Shift 533 )",1
4,"462236 p 461 r 982 i 269 n 457 t 877 Backspace 168 Backspace 164 Backspace 138 Backspace 148 Backspace 141 Backspace 702 Eisu 1946 p 340 r 182 i 248 n 353 t 1170 Shift 364 ( 1083 m 98 a 268 t 251 h 1348 . 449 s 1412 i 331 n 905 Shift 252 ( 1257 m 80 a 399 t 1255 h 1781 . 1193 p 564 i 1257 / 1183 2 905 Shift 804 ) 132 ) 1283 Enter 836 p 432 r 142 i 243 n 365 t 902 Shift 256 ( 3062 Shift 822 [ 2062 Shift 252 "" 1789 o 2091 r 124 a 1560 n 1189 g 1243 e 662 s 1009 Shift 257 "" 1114 , 1336 Shift 233 "" 1124 t 350 a 1864 b 968 l 507 e 637 s 1222 Shift 200 "" 1273 ] 280 Shift 325 ) 607 Enter 548 p 385 r 153 i 223 n 328 t 2474 Shift 297 ( 1158 w 258 e 1189 i 657 g 1322 h 224 t 1506 / 1058 Shift 185 ( 1282 h 860 e 1180 i 1288 g 472 h 674 t 1131 Shift 4203 Shift 165 * 2423 h 1117 e 768 i 1273 g 790 h 315 t 713 Shift 549 ) 127 ) 795 Enter 610 r 92 o 329 n 2665 Backspace 157 Backspace 1325 Backspace 486 p 577 r 124 i 242 n 336 t 882 Shift 289 ( 1585 x 603 SPACE 880 i 643 f 425 SPACE 718 x 712 Shift 761 > 444 Shift 448 = 1738 y 433 SPACE 1549 e 307 l 411 e 298 s 1069 SPACE 505 y 333 Shift 332 ) 431 Enter 688 p 368 r 115 i 230 n 424 t 930 Shift 353 ( 461 s 2114 [ 1107 9 800 Backspace 343 0 830 ] 1832 . 586 u 1177 p 647 p 632 e 153 r 1145 Shift 292 ( 160 ) 1433 f 140 o 309 r 1156 SPACE 318 s 388 SPACE 544 i 249 n 382 SPACE 678 Shift 449 "" 1199 a 483 b 292 c 1367 d 696 e 425 f 661 g 757 Shift 1225 "" 445 Shift 197 ) 975 Enter 1557 Backspace",0
5,"2399 p 570 r 166 i 405 n 335 t 1178 Shift 297 ( 1516 m 222 a 417 t 262 h 1324 . 949 s 242 i 290 n 1001 Shift 508 ( 592 m 177 a 955 t 261 h 757 . 2090 p 225 i 1918 Shift 285 ? 938 2 1191 Shift 232 ) 1466 Backspace 155 Backspace 134 Backspace 1149 / 1210 2 864 Shift 276 ) 886 Enter 835 Backspace 579 Shift 121 ) 328 Enter 1537 p 378 r 100 i 242 n 186 t 1330 Shift 288 ( 44 ) 596 ArrowLeft 1764 [ 828 ] 689 ArrowLeft 2146 Shift 485 "" 700 "" 1060 ArrowLeft 588 o 265 r 149 a 264 n 1183 g 108 e 1579 s 1234 ArrowRight 903 , 1999 Shift 572 "" 156 D 6 "" 994 ArrowLeft 168 Backspace 1395 t 115 a 815 b 771 l 127 e 868 s 602 ArrowRight 216 ArrowRight 159 ArrowRight 793 Enter 1038 p 206 r 206 i 219 n 193 t 843 Shift 125 ( 59 ) 606 ArrowLeft 2021 w 53 e 382 i 702 g 818 h 254 t 810 / 1637 Shift 257 ( 79 ) 711 ArrowLeft 1222 h 156 e 167 i 764 g 286 h 279 t 1210 Shift 243 * 1305 h 266 e 172 i 433 g 187 h 500 t 1890 ArrowRight 223 ArrowRight 518 Enter 909 p 433 r 139 i 228 n 233 t 444 Shift 41 ( 67 ) 477 ArrowLeft 3434 x 509 SPACE 786 i 130 f 471 SPACE 740 x 662 Shift 708 > 1304 = 2198 y 612 SPACE 423 e 418 l 308 s 92 e 482 SPACE 1048 y 1095 ArrowRight 517 Enter 1152 p 394 r 134 i 138 n 232 t 526 Shift 104 ( 57 ) 1203 ArrowLeft 693 s 1519 @ 834 Backspace 658 [ 312 ] 431 ArrowLeft 1981 0 1018 ArrowRight 1110 . 1105 u 411 p 193 p 197 e 82 r 1080 Shift 208 ( 92 ) 970 SPACE 1201 f 184 o 325 r 744 SPACE 1132 s 230 SPACE 930 i 172 n 407 SPACE 481 Shift 276 "" 136 "" 670 ArrowLeft 1275 a 252 b 323 c 341 d 336 e 777 f 299 g",1
6,"346901 p 86 r 145 i 83 n 51 t 1128 Shift 159 ) 322 m 70 a 173 t 475 ¥ 623 Backspace 156 Backspace 154 Backspace 145 Backspace 148 Backspace 173 Backspace 163 Backspace 174 Backspace 914 Eisu 2270 p 105 r 110 i 83 n 80 t 213 Shift 95 ) 184 m 75 a 221 t 165 h 186 , 352 ¥ 262 . 322 Backspace 2219 Backspace 214 Backspace 177 Backspace 189 Backspace 189 Backspace 181 Backspace 183 Backspace 1011 Shift 220 ( 1900 m 60 a 148 t 156 h 365 . 226 s 128 i 123 n 561 Shift 116 ) 1044 Backspace 296 Shift 220 ( 1341 m 60 a 190 t 132 h 279 . 219 p 162 i 187 / 432 2 314 Shift 401 Shift 545 ) 2 0 356 ) 818 Backspace 167 Backspace 231 Shift 460 ) 606 Enter 526 p 111 r 86 i 75 n 68 t 183 Shift 646 ( 2074 [ 491 Shift 257 "" 852 o 114 r 92 a 162 n 104 g 96 e 187 s 692 Shift 669 "" 1022 , 226 Shift 144 "" 264 t 93 a 162 b 140 l 104 e 161 s 165 Shift 156 "" 762 [ 1443 Backspace 444 ] 1077 Shift 581 ) 836 ) 1276 Backspace 334 Enter 485 p 114 r 94 i 84 n 47 t 192 Shift 139 ) 474 Backspace 96 Shift 441 ( 348 w 610 a 402 Backspace 105 e 181 i 202 g 104 h 102 t 206 Shift 400 / 504 h 87 e 152 i 182 g 138 h 150 t 1177 Shift 85 ( 861 Backspace 949 Shift 967 Shift 108 * 1040 h 127 e 120 i 122 g 88 h 99 t 534 Shift 244 ) 236 ) 843 Enter 1766 p 78 r 86 i 73 n 44 t 186 Shift 308 ( 582 x 219 SPACE 187 i 109 f 134 SPACE 166 x 190 SPACE 117 Shift 105 > 964 Shift 97 = 1954 SPACE 223 y 216 SPACE 151 e 99 l 94 s 107 e 418 SPACE 223 y 145 Shift 737 ) 374 Enter 413 p 97 r 76 i 76 n 57 t 176 Shift 100 ) 248 s 442 [ 380 2 346 0 583 ¥ 145 Backspace 2 ¥ 307 Backspace 147 Backspace 230 Backspace 1129 0 2 - 908 Backspace 557 Enter 937 Backspace 699 ] 1585 . 258 u 164 p 156 p 96 e 114 r 468 Shift 105 ( 58 ) 695 SPACE 168 f 89 o 116 r 126 SPACE 123 s 139 SPACE 154 i 88 n 152 SPACE 231 Shift 180 "" 497 a 407 b 236 c 198 d 167 e 167 f 226 g 193 Shift 133 "" 1237 Shift 355 )",2
7,"652061 p 112 r 64 i 46 n 452 ¥ 128 Backspace 107 Backspace 327 Backspace 119 Backspace 104 Backspace 1040 Eisu 1459 p 119 r 72 i 40 n 96 g 560 Backspace 171 t 644 Shift 169 ( 1233 m 59 a 108 t 57 h 658 . 387 s 135 n 1011 Backspace 153 Backspace 378 s 180 i 72 n 82 Shift 135 ) 492 ¥ 581 Backspace 371 Backspace 365 Shift 185 ( 635 m 85 a 99 g 77 h 242 . 420 p 32 i 17 ; 495 Backspace 214 Backspace 140 Backspace 206 Backspace 121 Backspace 172 Backspace 163 Backspace 524 a 294 t 59 h 1162 . 644 p 48 i 682 / 1189 2 321 Shift 252 ) 80 ) 6076 Enter 1231 p 87 r 65 i 48 n 99 t 560 Shift 121 ( 1724 [ 1238 Shift 306 "" 1163 o 168 r 68 a 82 n 123 g 92 e 411 s 605 Shift 141 * 1003 , 1325 SPACE 254 Shift 212 "" 739 t 83 a 259 b 141 l 56 e 168 s 614 Shift 150 * 659 Backspace 2101 Shift 356 "" 1133 ] 1221 Shift 124 ) 303 Enter 1158 p 104 r 60 i 80 n 72 t 979 Shift 306 ( 995 w 63 e 73 i 177 g 178 h 97 g 2 t 355 / 638 ¥ 132 ¥ 118 ¥ 118 ¥ 118 ¥ 239 Backspace 100 Backspace 126 Backspace 125 Backspace 126 Backspace 120 Backspace 147 Backspace 159 Backspace 244 t 367 / 1224 Shift 189 ) 402 Backspace 553 Shift 149 ( 294 h 70 e 105 i 176 g 69 h 122 t 1238 Shift 792 * 1131 h 76 e 110 i 236 g 45 h 84 t 412 Shift 209 ) 96 ) 834 Enter 483 p 134 r 22 i 76 n 86 t 376 Shift 152 ( 806 x 508 SPACE 342 i 88 f 84 SPACE 867 x 366 Shift 424 > 768 Shift 56 = 1915 y 127 SPACE 185 e 88 l 150 s 76 e 480 SPACE 254 Shift 81 Y 555 Shift 346 Shift 60 ) 357 Enter 722 Backspace 124 Backspace 90 Backspace 136 Backspace 393 SPACE 336 y 356 Shift 336 ) 532 Enter 549 p 111 r 68 i 32 n 96 t 391 Shift 97 ( 307 s 782 [ 597 0 422 ] 1029 . 390 u 205 p 113 p 880 e 64 r 597 Shift 192 ( 48 ) 879 SPACE 164 f 56 o 92 r 88 SPACE 149 s 90 SPACE 188 i 88 n 113 SPACE 445 Shift 260 "" 575 a 283 b 289 c 291 d 1087 e 385 f 474 g 447 Shift 200 "" 3398 Shift 72 )",2
8,"14842 p 406 r 118 i 67 n 93 t 578 f 551 Shift 665 ( 642 m 690 a 322 t 136 h 1583 , 1180 s 164 i 461 n 1236 Shift 1448 ( 929 m 257 a 320 t 122 h 3056 . 521 p 124 i 3072 / 516 2 635 Shift 229 ) 152 ) 543 Enter 5117 ArrowUp 458 ArrowRight 502 ArrowRight 84 ArrowRight 83 ArrowRight 85 ArrowRight 84 ArrowRight 218 ArrowRight 186 ArrowRight 170 ArrowRight 176 ArrowRight 233 ArrowRight 517 ArrowDown 1498 ArrowDown 934 ArrowDown 260 ArrowDown 1 ArrowUp 744 ArrowRight 150 ArrowRight 462 ArrowLeft 796 Backspace 446 . 535 ArrowDown 1309 p 290 t 441 Backspace 445 r 150 i 10 o 94 n 125 t 752 Backspace 176 Backspace 160 Backspace 369 n 157 y 712 Backspace 1 ¥ 298 t 352 Shift 201 ( 442 Backspace 159 Backspace 155 Backspace 625 t 261 Shift 813 ( 1281 [ 1812 Shift 317 "" 1386 o 287 r 283 a 468 n 181 g 480 e 1460 s 1284 Shift 224 "" 1256 , 1631 Shift 480 "" 564 t 277 a 511 b 104 l 212 e 302 s 605 Shift 1488 "" 1203 ] 2650 Shift 400 ) 527 Enter 1004 p 506 r 60 i 75 n 170 t 790 Shift 513 ( 411 w 222 e 226 i 343 g 111 h 181 t 2111 SPACE 125 / 145 SPACE 501 Shift 240 ( 492 h 372 e 265 i 253 g 101 h 121 t 1289 SPACE 218 Shift 1008 * 498 SPACE 1169 h 358 e 122 i 3 o 1119 Backspace 991 g 102 h 210 t 737 Shift 533 ) 116 ) 552 Enter 807 p 344 r 60 i 88 n 120 t 336 Shift 165 ( 2285 x 552 SPACE 210 i 1381 f 149 SPACE 1143 x 471 SPACE 228 Shift 265 > 448 = 1832 SPACE 206 y 817 SPACE 338 e 121 l 214 s 178 e 658 SPACE 793 y 173 Shift 228 ) 590 Enter 775 p 403 r 80 i 81 n 113 t 1002 Shift 292 ( 1182 s 1221 [ 222 0 434 ] 1148 . 410 i 232 p 249 p 483 e 154 r 1189 Shift 281 ( 108 ) 738 SPACE 414 f 90 o 78 r 215 SPACE 1131 s 100 SPACE 270 i 187 n 476 SPACE 969 Shift 225 "" 1 # 1055 Backspace 444 a 701 b 733 c 1728 d 218 e 452 f 400 g 587 Shift 429 "" 316 Shift 168 ) 803 Enter",2
9,2441 p 123 r 555 i 931 n 322 t 1196 Shift 385 ( 104 ) 1066 ArrowLeft 1727 m 126 a 2094 t 643 h 1301 . 1057 s 83 i 172 n 5846 ArrowRight 631 Backspace 1325 Shift 2049 Shift 475 ( 1787 m 111 a 889 t 609 h 1290 . 1150 p 281 i 1357 Shift 105 ? 907 Backspace 358 / 1763 2 759 Shift 401 ) 91 ),0
10,"20802 p 110 r 91 i 77 n 56 t 241 Shift 30 ( 362 m 32 a 143 t 76 h 196 . 136 s 112 i 184 n 153 Shift 128 ( 234 m 65 a 160 t 44 h 192 . 179 p 140 i 261 / 220 2 300 Shift 74 ) 187 ) 315 Enter 366 p 140 r 59 i 76 n 77 t 173 Shift 52 ( 447 Backspace 1 ¥ 560 Backspace 853 Shift 320 ( 355 [ 840 Shift 93 "" 503 o 169 r 52 a 117 n 110 g 108 e 198 s 226 Shift 137 "" 395 , 283 Shift 148 "" 312 t 41 a 148 l 130 b 257 e 338 Backspace 284 Backspace 175 Backspace 140 b 206 l 109 e 224 Shift 128 "" 590 Backspace 122 s 180 Shift 112 "" 397 ] 327 Shift 96 ) 298 Enter 672 p 80 r 96 i 101 n 87 t 176 Shift 59 ( 344 w 105 e 181 i 132 g 72 h 121 t 178 SPACE 113 / 109 SPACE 568 Shift 377 ( 280 h 75 e 151 i 124 g 85 h 90 t 183 SPACE 130 Shift 21 * 120 SPACE 187 h 97 t 213 e 500 Backspace 144 Backspace 122 e 171 i 185 g 76 h 135 t 233 Shift 414 ) 135 ) 742 Enter 401 p 130 r 57 i 99 n 91 t 264 Shift 68 ( 393 x 199 SPACE 333 i 71 f 80 SPACE 285 x 120 SPACE 219 Shift 152 > 256 = 225 SPACE 665 y 173 SPACE 485 e 151 l 76 e 1059 s 429 Backspace 126 Backspace 400 s 151 e 231 Shift 168 SPACE 243 y 146 Shift 153 ) 273 Enter 253 p 103 r 84 i 87 n 69 t 200 Shift 73 ( 244 s 304 [ 351 0 231 ] 378 . 275 u 153 p 159 p 231 e 55 r 214 Shift 73 ( 36 ) 225 SPACE 179 f 127 o 133 r 150 SPACE 174 s 95 SPACE 174 i 73 n 90 SPACE 355 Shift 117 "" 270 a 198 b 224 c 212 d 210 e 284 f 355 t 345 Backspace 179 g 375 Shift 168 "" 144 )",2
11,"15172 p 531 r 68 i 48 n 99 t 159 Shift 49 ( 206 m 14 a 120 t 68 h 279 . 146 s 112 i 140 g 416 Backspace 262 Shift 287 n 118 Shift 112 ( 265 m 20 a 110 t 515 h 290 . 257 p 232 i 839 / 223 2 242 Shift 80 ) 256 Shift 116 ) 263 Enter 220 p 89 r 77 i 151 t 192 Shift 60 ( 436 Backspace 213 Backspace 223 n 84 t 170 Shift 76 ( 264 [ 143 Shift 320 Shift 208 Shift 168 "" 309 o 324 a 591 Backspace 161 r 36 a 129 n 116 g 99 e 191 s 144 Shift 149 "" 216 , 148 Shift 139 Shift 412 # 281 t 64 a 211 b 72 l 146 e 200 s 169 Shift 133 "" 284 ) 336 Backspace 430 ] 175 Shift 105 ) 1113 ArrowLeft 159 ArrowLeft 150 ArrowLeft 155 ArrowLeft 129 ArrowLeft 154 ArrowLeft 151 ArrowLeft 153 ArrowLeft 173 ArrowLeft 434 Backspace 82 Shift 489 "" 321 ArrowRight 166 ArrowRight 158 ArrowRight 171 ArrowRight 1063 Control 377 e 596 Enter 555 p 105 r 85 i 69 n 71 t 141 Shift 53 ( 176 w 88 e 386 i 209 g 47 h 138 t 287 SPACE 123 / 103 SPACE 278 Shift 129 ( 224 h 48 e 149 i 101 g 80 h 90 t 129 SPACE 109 Shift 20 * 108 SPACE 222 h 160 e 188 i 237 g 88 h 117 t 277 Shift 117 ) 180 ) 258 Enter 660 p 143 r 76 i 68 n 95 t 640 Shift 64 ( 992 x 96 SPACE 201 i 94 f 84 SPACE 303 x 264 SPACE 152 Shift 132 > 332 = 166 SPACE 163 y 179 SPACE 341 e 93 l 111 e 201 s 332 Backspace 138 Backspace 156 s 164 e 711 SPACE 304 y 100 SPACE 144 Shift 92 ) 244 Enter 649 p 126 r 61 i 104 n 72 t 175 Shift 69 ( 175 s 245 [ 640 0 247 ] 508 . 309 u 218 p 134 p 152 e 64 r 201 Shift 61 ( 48 ) 175 SPACE 184 f 77 o 87 r 80 SPACE 190 s 137 SPACE 147 i 75 n 92 SPACE 197 Shift 168 "" 324 a 200 b 235 c 442 d 211 e 237 f 647 g 218 Shift 169 "" 184 )",2
12,"2744 p 319 r 44 i 85 n 93 t 186 Shift 36 ( 207 m 41 a 399 t 31 h 277 . 264 s 420 i 266 n 291 Shift 113 ( 437 a 519 Backspace 254 m 64 a 115 t 76 h 330 Backspace 126 Backspace 687 t 53 h 297 . 326 p 156 i 286 / 172 2 188 Shift 76 ) 133 ) 230 Enter 229 p 112 r 65 i 91 n 51 t 344 [ 147 Shift 201 "" 394 o 241 r 69 a 182 n 152 g 89 e 165 s 195 Shift 150 "" 196 , 290 SPACE 130 Shift 149 "" 408 t 37 a 212 b 92 l 117 e 203 s 192 Shift 176 "" 228 ) 875 ] 545 Backspace 1757 Backspace 893 ] 324 Shift 85 ) 957 Control 445 a 631 f 160 f 140 f 132 f 137 f 395 Shift 101 ( 159 Control 97 e 261 Enter 545 p 111 r 68 i 60 n 64 t 195 Shift 21 ( 527 w 278 e 287 i 167 g 71 h 102 t 174 SPACE 211 / 114 SPACE 249 h 93 e 261 i 705 g 145 h 114 t 896 Control 196 b 140 b 140 b 144 b 148 b 192 b 392 Shift 57 ( 205 Control 369 e 352 SPACE 163 Shift 32 * 120 SPACE 686 h 47 e 126 i 94 g 76 h 90 t 238 Shift 229 ) 104 ) 354 Enter 369 p 140 r 72 i 72 n 56 t 173 Shift 29 ( 215 x 99 SPACE 575 i 56 f 124 SPACE 255 x 108 SPACE 137 Shift 309 > 296 = 163 SPACE 130 y 157 SPACE 271 e 122 l 76 e 221 s 380 Backspace 143 Backspace 139 s 147 e 133 SPACE 276 y 235 Shift 80 ) 199 Enter 224 p 97 r 72 i 98 n 64 t 176 Shift 21 ( 456 s 255 [ 281 0 234 ] 539 . 346 u 138 p 118 p 122 e 56 r 134 Shift 68 ( 15 ) 155 SPACE 171 f 81 o 77 r 99 SPACE 133 s 130 SPACE 154 i 63 n 85 SPACE 272 SPACE 212 Shift 168 "" 385 Backspace 141 Backspace 132 Backspace 118 SPACE 187 Shift 156 "" 302 a 211 b 248 c 315 d 302 e 251 f 621 g 203 Shift 132 "" 136 )",0
13,"13379 p 127 r 100 i 60 n 85 t 169 Shift 36 ( 197 m 48 a 179 h 315 Backspace 173 t 80 h 178 . 172 s 76 i 144 g 149 Shift 68 ( 420 Backspace 118 Backspace 221 n 196 Shift 88 ( 377 m 41 a 190 t 64 h 307 . 210 p 161 i 220 / 209 2 1 3 191 Shift 112 ) 164 ) 171 Enter 224 p 113 r 84 i 76 n 36 t 181 Shift 323 [ 111 Shift 136 "" 561 Control 92 h 140 h 137 Shift 241 8 2 Shift 353 Backspace 142 Shift 92 ( 517 [ 96 Shift 129 "" 604 o 146 r 52 a 153 n 132 g 99 e 185 s 228 Shift 155 "" 272 , 430 SPACE 559 Shift 145 "" 254 t 51 a 177 b 72 l 109 e 165 s 127 Shift 157 "" 172 ) 436 Backspace 265 : 160 Shift 433 Backspace 236 ] 169 Shift 85 ) 224 Enter 498 p 82 r 92 i 68 n 132 t 200 Shift 57 ( 355 h 270 Backspace 136 w 80 e 578 g 542 Backspace 223 i 131 g 84 h 118 t 213 SPACE 616 / 138 SPACE 370 Shift 108 ( 276 h 90 e 141 i 134 g 77 h 92 t 218 SPACE 126 : 5 Shift 208 SPACE 388 h 60 e 140 i 117 g 166 h 110 t 469 Shift 77 ) 120 ) 236 Enter 275 p 91 r 98 i 90 n 32 t 500 Shift 33 ( 752 x 86 SPACE 131 Shift 88 i 378 f 526 SPACE 318 x 88 SPACE 162 Shift 112 > 208 = 378 SPACE 349 y 325 SPACE 270 e 171 l 116 s 150 e 125 SPACE 242 y 133 Shift 96 ) 169 Enter 238 p 110 r 88 i 81 n 72 t 196 Shift 72 ( 377 s 322 [ 364 0 219 ] 460 . 207 u 323 p 152 p 132 e 48 r 192 Shift 73 ( 28 ) 194 SPACE 174 f 93 o 68 r 157 SPACE 257 s 133 SPACE 163 i 73 n 99 SPACE 294 Shift 177 "" 235 a 159 b 240 c 226 d 229 e 395 f 405 g 209 Shift 177 "" 156 )",0
14,"15528 p 104 r 111 i 77 n 88 t 370 Shift 304 ) 344 Backspace 136 Shift 125 ( 68 ) 507 ArrowLeft 461 m 91 a 480 t 140 h 995 . 122 s 145 i 87 n 147 Shift 128 ( 45 ) 509 ArrowLeft 401 m 76 a 269 t 186 h 480 . 281 p 124 i 873 / 452 2 239 ArrowRight 198 ArrowRight 366 Enter 634 p 184 r 92 i 72 n 64 t 218 Shift 128 ( 56 ) 466 Shift 108 "" 480 Backspace 151 Backspace 634 Shift 268 "" 401 Backspace 177 Shift 204 ) 373 ArrowLeft 163 Shift 84 "" 156 "" 266 ArrowLeft 956 ArrowLeft 507 @ 280 ArrowRight 347 ArrowLeft 328 Backspace 294 [ 407 ArrowRight 164 ArrowRight 469 ] 237 ArrowLeft 211 ArrowLeft 858 p 1028 Backspace 305 o 734 r 35 a 110 m 115 g 76 e 169 s 287 ArrowRight 175 ArrowRight 191 ArrowLeft 626 , 98 SPACE 398 ArrowLeft 147 ArrowLeft 146 ArrowLeft 143 ArrowLeft 136 ArrowLeft 149 ArrowLeft 373 Backspace 266 n 260 ArrowRight 155 ArrowRight 143 ArrowRight 140 ArrowRight 129 ArrowRight 342 Shift 146 * 362 Backspace 85 Shift 138 "" 156 "" 135 ArrowLeft 1023 t 68 a 171 b 191 l 72 e 169 s 455 ArrowRight 152 ArrowRight 147 ArrowRight 144 ArrowRight 1321 Enter 992 p 95 r 108 i 76 t 4 n 817 Backspace 142 Backspace 526 n 201 t 309 Shift 177 ( 56 ) 521 ArrowLeft 484 e 79 a 418 Backspace 334 Backspace 139 w 92 e 429 i 183 g 1736 Backspace 1111 g 104 h 85 t 712 SPACE 155 / 102 SPACE 877 Shift 313 ( 46 ) 381 ArrowLeft 364 h 79 e 73 i 121 g 462 h 109 t 687 SPACE 291 Shift 230 * 154 SPACE 559 h 124 e 108 i 197 g 114 h 115 t 925 ArrowRight 131 ArrowRight 536 Enter 520 p 121 r 165 t 815 Backspace 2 Enter 198 i 103 n 72 t 560 Backspace 142 Backspace 138 Backspace 150 Backspace 563 i 126 n 81 t 236 Shift 45 ( 56 ) 445 ArrowLeft 822 x 111 SPACE 190 i 216 f 135 SPACE 1083 x 189 SPACE 1867 Shift 116 > 139 SPACE 402 - 485 Backspace 238 Shift 431 Shift 330 Backspace 124 Shift 120 = 336 SPACE 858 u 348 Enter 351 y 422 Backspace 175 Backspace 208 Backspace 1209 y 318 SPACE 394 e 143 l 85 s 138 e 220 SPACE 1274 y 324 ArrowRight 143 ArrowRight 239 Enter 778 p 84 r 146 t 91 i 56 n 267 Shift 89 ( 478 Backspace 164 Backspace 939 n 427 r 688 Backspace 470 Backspace 367 Backspace 321 Backspace 373 r 69 i 2 u 365 n 110 t 595 Backspace 141 Backspace 132 Backspace 146 Backspace 142 Backspace 475 i 107 n 88 t 234 Shift 57 ( 56 ) 667 ArrowLeft 529 s 900 [ 132 ] 228 ArrowLeft 455 0 328 ArrowRight 683 . 358 u 404 p 132 p 91 e 121 r 745 Shift 160 ( 60 ) 1214 SPACE 344 f 109 o 81 r 100 SPACE 728 s 154 SPACE 236 i 77 n 383 SPACE 1235 Shift 1382 Shift 133 "" 103 "" 392 ArrowLeft 361 a 492 b 389 d 264 c 609 Backspace 587 c 549 Backspace 153 Backspace 1675 c 350 d 331 e 423 f 201 g 473 ArrowRight 170 ArrowRight",2
15,"4044 p 152 r 78 i 84 n 60 t 178 Shift 49 ( 366 m 24 a 147 t 68 h 338 . 291 s 60 i 163 n 189 Shift 84 ( 348 m 40 a 133 t 64 h 197 . 188 p 120 i 211 / 172 2 233 Shift 72 ) 161 ) 227 Enter 240 p 107 r 87 i 76 n 64 t 313 Shift 104 ( 360 "" 357 [ 464 o 98 r 64 a 106 n 104 g 77 e 170 s 136 Shift 141 "" 191 , 371 Shift 209 "" 265 t 56 a 140 b 35 l 135 e 147 s 295 Shift 160 "" 212 ) 342 Backspace 213 ] 185 Shift 85 ) 272 Enter 427 p 86 r 90 i 65 n 93 t 200 Shift 61 ( 470 e 15 w 431 Backspace 114 w 262 Backspace 109 Backspace 121 w 84 e 253 i 146 g 72 h 95 t 225 / 497 Shift 80 ( 356 h 104 e 175 i 135 g 84 h 102 t 306 Shift 33 * 291 h 64 e 116 i 93 g 77 h 102 t 200 Shift 116 ) 235 ) 252 Enter 1021 p 112 r 60 i 80 n 84 t 182 Shift 76 ( 373 x 162 SPACE 158 i 60 f 161 SPACE 327 x 115 SPACE 169 Shift 132 > 215 = 192 SPACE 243 y 269 SPACE 370 e 68 l 126 s 134 e 149 SPACE 1026 y 112 Shift 104 ) 203 Enter 470 p 100 r 72 i 59 n 95 t 152 Shift 48 ( 328 s 320 @ 587 Backspace 203 [ 491 0 4 - 702 Backspace 418 ] 264 . 272 u 161 p 154 p 140 e 39 r 176 Shift 58 ( 13 ) 337 SPACE 411 f 83 o 74 r 133 SPACE 222 s 93 SPACE 292 i 72 n 86 SPACE 253 Shift 157 "" 269 a 179 b 238 c 205 d 202 e 210 f 316 g 202 Shift 129 "" 128 )",2
16,"68950 p 249 r 92 i 84 n 73 t 196 Shift 189 ) 728 Backspace 371 Shift 276 ( 1086 m 56 a 132 t 84 h 169 . 159 s 113 i 64 n 169 Shift 137 ( 1642 m 83 a 140 t 101 h 204 . 258 p 87 i 251 / 140 2 232 Shift 149 0 136 0 445 Backspace 172 Backspace 176 Shift 108 ) 181 ) 716 Enter 567 p 131 r 70 i 63 n 104 t 123 Shift 145 ) 478 ¥ 229 Shift 515 Backspace 128 Backspace 449 Shift 224 ( 1040 @ 469 Backspace 640 [ 1389 Shift 384 "" 739 o 132 r 68 a 96 n 115 g 92 e 132 s 289 Shift 136 "" 687 , 132 SPACE 244 Shift 120 "" 306 t 77 a 188 b 108 l 88 e 84 s 227 Shift 109 "" 405 [ 326 Backspace 326 ] 652 Shift 592 0 664 Backspace 471 Shift 561 ) 340 Enter 758 p 227 r 68 i 68 n 140 t 689 Shift 409 ( 897 w 117 e 103 i 153 g 99 h 97 t 179 SPACE 208 / 149 SPACE 441 Shift 637 ( 643 h 35 e 152 i 215 g 137 h 87 t 232 SPACE 185 Shift 509 * 642 SPACE 607 h 92 e 88 i 80 g 120 h 68 t 257 Shift 277 ) 694 Shift 92 ) 325 Enter 434 p 112 r 116 i 60 n 100 t 301 Shift 237 ( 711 x 199 SPACE 154 i 100 f 112 SPACE 125 x 174 SPACE 152 Shift 177 > 412 ^ 362 Backspace 232 Shift 73 = 476 SPACE 864 y 145 SPACE 196 e 77 l 95 s 80 e 112 SPACE 170 Shift 175 y 406 Shift 204 ) 311 Enter 403 p 125 r 83 i 60 n 92 t 545 SPACE 375 Backspace 352 Shift 209 ( 870 s 515 [ 1037 0 767 ] 335 . 505 u 157 p 135 p 136 e 69 r 232 Shift 207 ( 104 ) 410 . 328 Backspace 240 SPACE 129 f 108 o 124 r 84 SPACE 107 s 88 SPACE 139 i 72 n 88 SPACE 578 SPACE 172 Shift 185 "" 451 a 189 b 172 c 174 f 147 r 108 f 27 g 589 Backspace 154 Backspace 146 Backspace 71 Backspace 100 Backspace 201 Backspace 127 Backspace 155 Backspace 134 Backspace 363 Shift 157 "" 277 a 219 b 201 c 376 d 209 e 92 f 285 Shift 144 "" 653 Shift 384 )",2
17,"969 p 123 r 105 i 179 n 48 t 320 Shift 37 ' 660 Backspace 309 Shift 136 ( 76 ) 490 ArrowLeft 503 m 107 a 198 t 56 h 483 . 213 s 116 i 223 n 649 Shift 150 ( 82 ) 485 ArrowLeft 292 a 68 m 288 t 144 h 593 . 371 p 195 i 387 / 100 3 430 Backspace 92 2 124 ArrowRight 257 ArrowRight 468 Enter 724 p 142 r 92 i 160 n 48 t 246 Shift 189 ( 76 ) 148 ArrowLeft 347 ArrowLeft 389 [ 100 ] 157 ArrowLeft 312 Shift 153 "" 1296 Shift 180 "" 252 ArrowLeft 788 o 192 r 116 a 196 n 315 g 97 e 292 s 547 ArrowRight 722 m 532 Backspace 719 , 222 SPACE 388 Shift 485 # 480 # 284 Backspace 175 Backspace 190 Eisu 139 Shift 173 "" 184 "" 309 ArrowLeft 431 t 68 a 272 b 299 l 190 e 106 s 479 ArrowRight 238 ArrowRight 152 ArrowRight 414 Enter 1568 p 99 r 133 i 64 n 132 t 219 Shift 108 ( 72 ) 160 ArrowLeft 495 ArrowLeft 185 w 255 e 226 i 346 g 168 h 150 t 1133 SPACE 201 / 355 SPACE 462 h 122 e 1092 Backspace 176 Backspace 277 Shift 104 ( 72 ) 419 ArrowLeft 515 h 80 e 208 i 205 g 118 h 117 t 491 SPACE 299 Shift 1093 * 108 SPACE 672 h 119 r 161 i 1272 Backspace 188 Backspace 435 e 930 i 143 g 125 h 142 t 421 ArrowRight 195 ArrowRight 397 Enter 571 Eisu 434 p 124 r 148 i 96 n 176 t 269 Shift 122 ( 88 ) 555 ArrowLeft 828 x 194 SPACE 269 i 1111 f 132 SPACE 404 x 392 SPACE 280 Shift 188 > 136 = 373 SPACE 610 y 559 SPACE 1392 e 159 l 146 s 88 e 586 SPACE 350 y 415 ArrowRight 172 Enter 524 Eisu 329 p 124 r 78 i 88 n 124 t 226 Shift 117 ( 96 ) 400 ArrowLeft 119 s 307 [ 103 ] 137 ArrowLeft 462 0 310 ArrowRight 293 . 458 u 542 p 128 p 134 e 471 r 318 Shift 108 ( 85 ) 532 ArrowRight 511 ArrowLeft 575 SPACE 358 f 118 o 130 r 151 SPACE 250 s 252 i 234 n 220 SPACE 346 Shift 175 "" 173 "" 251 ArrowLeft 443 a 361 b 400 c 670 d 1462 e 164 f 299 g",1
18,"678266 p 1741 r 100 i 152 t 10 n 980 Backspace 149 Backspace 1297 n 171 t 3383 Shift 3655 Shift 288 ( 1209 n 506 ¥ 1049 Backspace 171 Backspace 560 m 108 a 177 t 127 h 1160 . 551 d 60 i 243 n 687 Backspace 152 Backspace 527 Backspace 417 s 172 i 317 n 1102 Shift 485 ( 763 n 484 ¥ 489 Backspace 141 Backspace 515 m 103 a 232 t 151 h 1073 . 412 p 227 i 980 / 616 2 1067 Shift 353 ) 135 ) 3172 Enter 1089 p 150 r 129 i 97 n 166 t 19762 Shift 268 ( 5331 Shift 2152 Shift 237 { 1244 Backspace 287 [ 1938 Shift 7981 Shift 511 Shift 452 "" 1169 o 170 r 622 a 109 n 396 g 96 e 214 s 1450 Shift 540 "" 1552 , 1889 Shift 465 "" 645 t 43 a 380 b 83 l 92 e 190 s 311 Shift 817 "" 468 Shift 1960 Shift 481 } 713 Backspace 222 ] 1083 Shift 969 ) 857 Enter 649 p 127 r 153 i 96 n 60 t 981 Shift 433 ( 1411 w 91 e 155 i 216 g 97 h 76 t 1395 SPACE 94 / 172 SPACE 1444 Shift 505 ( 1046 h 197 e 215 i 156 g 127 h 71 t 8415 Shift 150 * 1497 SPACE 306 h 115 e 112 i 175 g 117 h 99 t 844 Shift 389 ) 116 ) 503 Enter 27 ] 950 Backspace 1320 p 141 r 113 i 92 n 85 t 141 SPACE 299 Shift 321 ( 871 x 219 SPACE 637 i 310 f 132 SPACE 681 x 185 SPACE 1156 Shift 344 > 1497 Shift 145 = 1104 SPACE 280 y 260 SPACE 227 e 165 l 106 e 150 s 234 ¥ 124 ¥ 119 s 353 Backspace 141 Backspace 103 Backspace 182 Backspace 377 Backspace 190 s 157 e 269 SPACE 1196 y 627 Shift 309 0 533 Backspace 282 Shift 145 ) 819 Enter 609 p 136 r 109 i 88 n 87 t 165 SPACE 237 Shift 667 Backspace 272 Shift 1097 ArrowUp 466 ArrowRight 371 Backspace 611 ArrowUp 31 ArrowDown 502 ArrowDown 83 ArrowDown 716 Shift 1068 ( 866 s 386 Shift 1150 Shift 2692 Shift 428 { 823 Backspace 449 [ 1590 0 952 ] 1425 . 405 u 458 p 269 e 100 e 823 Backspace 114 Backspace 550 p 74 e 64 r 838 Shift 584 ( 164 ) 770 SPACE 500 f 74 o 82 r 150 SPACE 1026 s 1187 SPACE 125 i 144 b 819 Backspace 404 n 215 Shift 1676 "" 1220 ArrowLeft 224 SPACE 364 ArrowRight 1074 a 225 b 355 c 1066 d 170 e 194 f 371 g 516 Shift 1564 "" 678 Shift 757 )",1
19,"14429 p 111 r 128 i 192 n 91 t 263 Shift 133 ( 52 ) 502 ArrowLeft 462 m 108 a 198 t 128 h 540 . 246 s 121 i 132 n 198 Shift 193 ( 88 ) 511 ArrowLeft 515 a 64 m 631 Backspace 1315 Backspace 369 m 97 a 225 t 133 h 619 . 348 o 543 Backspace 574 p 277 i 942 / 226 2 287 ArrowRight 182 ArrowRight 435 Enter 743 p 187 r 120 i 160 n 121 t 188 Shift 96 ( 117 ) 392 ArrowLeft 468 [ 418 ] 254 ArrowLeft 573 Shift 848 "" 145 "" 482 ArrowLeft 445 o 159 r 124 e 156 n 322 g 172 e 270 s 672 ArrowRight 521 , 112 SPACE 500 Shift 164 "" 152 "" 988 ArrowLeft 241 t 88 a 217 b 108 l 126 e 612 ArrowRight 466 ArrowLeft 147 s 143 ArrowRight 138 ArrowRight 154 ArrowRight 378 Enter 905 ArrowUp 265 ArrowRight 170 ArrowRight 501 ArrowRight 84 ArrowRight 85 ArrowRight 164 ArrowRight 146 ArrowRight 147 ArrowRight 147 ArrowRight 148 ArrowRight 154 ArrowRight 338 Backspace 143 a 390 ArrowRight 501 ArrowRight 84 ArrowRight 84 ArrowRight 85 ArrowRight 84 ArrowRight 83 ArrowRight 84 ArrowRight 85 ArrowRight 84 ArrowRight 84 ArrowRight 83 ArrowRight 85 ArrowRight 84 ArrowRight 84 ArrowRight 84 ArrowRight 84 ArrowRight 84 ArrowRight 84 ArrowRight 1056 p 93 r 207 i 60 n 184 t 244 Shift 57 ( 120 ) 419 ArrowLeft 625 w 306 e 314 t 371 Backspace 378 o 446 Backspace 762 i 126 g 104 h 132 t 169 s 1866 Backspace 228 SPACE 389 / 183 SPACE 685 Shift 594 ( 83 ) 476 ArrowLeft 500 h 81 e 107 i 162 g 108 h 145 t 736 ArrowRight 348 ArrowLeft 268 SPACE 263 Shift 172 * 200 SPACE 312 h 139 e 108 i 132 g 108 h 165 t 386 ArrowRight 200 ArrowRight 235 Enter 646 o 394 Backspace 340 p 164 r 131 i 145 n 127 t 200 Shift 108 ( 120 ) 375 ArrowLeft 154 x 229 SPACE 233 i 113 f 211 SPACE 551 x 257 SPACE 168 Shift 621 > 352 = 224 SPACE 939 y 162 SPACE 321 e 165 l 129 s 201 e 199 SPACE 295 y 412 ArrowRight 508 Enter 598 p 120 r 137 i 196 n 107 t 190 Shift 109 ( 112 ) 373 ArrowLeft 208 s 162 [ 203 ] 227 ArrowLeft 484 0 291 ArrowRight 694 . 460 u 252 p 152 p 149 e 144 r 289 Shift 228 ( 113 ) 442 ArrowRight 217 SPACE 206 f 191 o 116 r 203 SPACE 390 s 191 SPACE 334 i 125 n 159 SPACE 269 Shift 601 "" 176 "" 299 ArrowLeft 377 a 166 b 187 s 367 Backspace 192 c 137 s 453 e 523 Backspace 242 Backspace 633 d 237 e 569 f 1126 g 328 ArrowRight 171 ArrowRight 883 Shift 244 ) 3052 ArrowLeft 501 ArrowLeft 84 ArrowLeft 84 ArrowLeft 83 ArrowLeft 85 ArrowLeft 84 ArrowLeft 84 ArrowLeft 84 ArrowLeft 84 ArrowLeft 84 ArrowLeft 85 ArrowLeft 84 ArrowLeft 84 ArrowLeft 84 ArrowLeft 84 ArrowLeft 85 ArrowLeft 84 ArrowLeft 84 ArrowLeft 355 ArrowLeft 389 Backspace",2
20,"37636 p 104 r 136 i 295 t 1114 Backspace 543 n 100 t 218 Shift 93 ( 120 ) 355 ArrowLeft 356 m 145 a 203 t 106 h 394 . 233 s 131 i 121 n 160 Shift 160 ( 121 ) 361 ArrowLeft 358 m 79 a 211 t 69 h 318 . 214 p 232 i 441 / 160 2 269 ArrowRight 202 ArrowRight 235 Enter 618 p 189 r 112 i 124 n 136 t 177 Shift 108 ( 105 ) 327 ArrowLeft 272 [ 144 ] 232 ArrowLeft 255 Shift 156 "" 148 "" 198 ArrowLeft 522 o 137 r 100 a 157 n 152 g 124 e 189 s 235 ArrowRight 795 , 189 SPACE 453 Shift 420 "" 176 "" 221 ArrowLeft 357 t 88 a 309 b 136 l 126 e 201 s 200 ArrowRight 183 ArrowRight 127 ArrowRight 287 Enter 419 p 116 r 177 i 148 n 147 t 152 Shift 88 ( 141 9 322 ArrowLeft 155 w 197 e 233 i 191 g 112 h 141 t 724 SPACE 208 / 128 SPACE 470 Shift 144 ( 164 ) 348 ArrowLeft 395 h 146 e 76 i 134 g 84 h 166 t 156 s 372 Backspace 310 SPACE 751 / 133 SPACE 572 h 127 e 88 i 307 h 409 Backspace 256 g 107 h 144 t 507 ArrowRight 142 ArrowRight 256 Backspace 294 Shift 345 ) 253 Enter 853 p 155 r 129 i 144 n 116 t 194 Shift 57 ( 144 ) 345 ArrowLeft 399 x 376 SPACE 250 i 283 f 212 SPACE 452 x 213 SPACE 96 Shift 205 > 252 = 160 SPACE 527 y 213 SPACE 242 e 122 l 159 s 154 e 245 SPACE 557 y 291 ArrowRight 203 Enter 536 p 152 r 136 i 168 n 97 t 171 Shift 77 ( 127 ) 343 ArrowLeft 147 s 203 ] 429 ArrowLeft 650 ArrowRight 170 Backspace 203 [ 157 ] 213 ArrowLeft 536 0 301 ArrowRight 608 . 318 u 230 p 144 p 108 e 100 r 221 Shift 88 ( 130 ) 205 SPACE 314 f 121 o 116 r 229 SPACE 222 s 211 SPACE 445 i 132 n 121 SPACE 311 Shift 160 "" 137 "" 1582 ArrowLeft 437 a 280 b 234 c 179 d 222 e 643 f 236 g",2
21,"70078 p 635 r 171 i 149 n 87 t 193 Shift 85 ( 88 ) 312 ArrowLeft 287 m 132 a 148 t 119 h 299 . 181 s 112 i 92 n 126 Shift 128 ( 121 ) 309 ArrowLeft 285 m 132 a 173 t 103 h 386 . 237 p 227 i 4 u 385 . 3 / 625 Backspace 173 Backspace 226 Backspace 327 / 155 2 329 ArrowRight 156 ArrowRight 185 Enter 503 p 140 r 116 i 104 n 138 t 174 Shift 100 ( 104 ) 373 ArrowLeft 266 [ 202 ] 243 ArrowLeft 255 Shift 312 "" 133 "" 439 ArrowLeft 494 o 177 r 88 a 124 n 134 g 104 e 250 s 626 ArrowRight 430 m 44 , 372 Backspace 167 Backspace 270 , 140 SPACE 197 Shift 340 "" 156 "" 177 ArrowLeft 856 t 112 a 242 b 171 l 80 e 193 s 212 ArrowRight 144 ArrowRight 149 ArrowRight 305 Enter 471 p 124 r 136 i 124 n 144 t 185 Shift 124 ( 100 ) 356 ArrowLeft 321 w 659 e 222 i 210 f 40 g 71 h 447 Backspace 215 Backspace 169 Backspace 161 g 356 h 196 t 656 SPACE 218 / 120 SPACE 719 Shift 189 ( 80 ) 336 ArrowLeft 315 h 111 e 81 i 156 g 95 h 132 t 330 SPACE 216 Shift 125 * 140 SPACE 315 h 130 e 84 i 144 g 80 h 158 t 241 ArrowRight 189 ArrowRight 225 Enter 321 o 161 o 66 r 612 Backspace 314 Backspace 154 Backspace 248 p 120 r 144 i 120 n 112 t 218 Shift 76 ( 109 ) 334 ArrowLeft 347 x 229 SPACE 170 i 455 f 233 SPACE 233 x 892 SPACE 160 Shift 145 > 288 = 162 SPACE 302 y 228 SPACE 716 e 274 s 227 l 201 Backspace 177 Backspace 195 l 109 s 179 e 196 SPACE 189 y 285 ArrowRight 192 ArrowRight 151 Enter 517 p 120 r 152 i 132 n 120 t 197 Shift 117 ( 100 ) 337 ArrowLeft 140 s 201 [ 159 ] 233 ArrowLeft 889 0 245 ArrowRight 179 ArrowRight 518 ArrowLeft 298 . 295 u 223 p 148 p 120 e 112 r 215 Shift 148 ( 76 ) 250 SPACE 194 f 198 o 92 r 177 SPACE 230 s 189 SPACE 191 i 108 n 159 SPACE 231 Shift 752 "" 128 "" 407 ArrowLeft 492 a 159 b 262 c 244 d 319 e 312 f 263 g",2
22,"2188810 p 149 r 99 i 148 n 167 t 268 Shift 261 ( 429 m 96 a 206 t 130 h 198 e 821 . 210 s 102 i 190 n 597 Shift 260 ( 360 m 134 a 187 t 136 h 2122 ArrowLeft 119 ArrowLeft 104 ArrowLeft 99 ArrowLeft 117 ArrowLeft 123 ArrowLeft 114 ArrowLeft 126 ArrowLeft 100 ArrowLeft 129 ArrowLeft 146 ArrowLeft 548 ArrowRight 137 ArrowRight 109 ArrowRight 665 ArrowLeft 367 Backspace 575 ArrowRight 120 ArrowRight 108 ArrowRight 87 ArrowRight 124 ArrowRight 96 ArrowRight 110 ArrowRight 120 ArrowRight 122 ArrowRight 1786 . 339 p 230 i 960 / 274 2 381 Shift 436 ) 112 ) 373 Enter 624 p 121 r 124 i 123 n 110 t 548 Shift 233 ( 427 [ 626 Shift 372 "" 827 o 147 r 65 a 219 n 191 g 71 e 266 s 378 Shift 168 "" 1005 , 502 Shift 276 "" 451 t 59 a 776 b 301 l 107 e 283 s 331 Shift 152 "" 1003 ] 498 Shift 540 ) 379 Enter 533 p 160 r 85 i 144 n 84 t 209 Shift 393 ( 408 w 92 e 531 i 357 g 181 h 168 t 994 SPACE 227 / 181 SPACE 637 Shift 332 ( 1186 h 127 e 729 i 244 g 223 h 216 t 536 SPACE 267 Shift 148 * 153 SPACE 695 h 159 e 285 i 523 g 313 h 249 t 390 Shift 464 ) 140 ) 442 Enter 1184 p 107 r 124 i 133 n 103 t 199 Shift 280 ( 696 x 194 SPACE 505 i 176 f 203 SPACE 349 x 308 SPACE 261 Shift 156 > 432 = 495 SPACE 528 y 311 SPACE 783 e 199 l 154 s 97 e 386 SPACE 424 y 325 Shift 204 ) 344 Enter 674 p 129 r 122 i 117 n 103 t 207 Shift 225 ( 595 s 1581 [ 468 0 409 ] 1030 . 360 u 758 p 148 p 143 e 246 r 367 Shift 264 ( 188 ) 441 SPACE 313 f 120 o 149 r 254 SPACE 327 s 212 SPACE 196 i 152 n 141 SPACE 307 Shift 188 "" 330 a 338 b 293 c 397 d 720 e 365 f 535 g 278 Shift 288 "" 345 Shift 356 )",2
23,"1596 p 210 t 374 Backspace 161 Backspace 126 Backspace 281 r 1218 Backspace 7670 Eisu 364 p 335 r 98 i 69 n 282 t 671 Shift 99 ( 69 ) 461 ArrowLeft 482 m 99 a 426 t 208 h 745 . 275 s 154 i 105 n 878 Shift 73 ( 67 ) 933 m 117 a 623 Backspace 139 Backspace 426 ArrowLeft 967 m 94 a 339 t 176 h 1314 . 256 p 342 i 1223 / 780 2 603 ArrowRight 161 ArrowRight 327 Enter 804 p 292 r 79 i 97 n 309 t 168 Shift 148 ( 72 ) 421 ArrowLeft 1214 [ 154 ] 303 ArrowLeft 306 ArrowDown 1576 ArrowLeft 1172 ArrowLeft 810 o 666 r 93 a 343 n 430 g 107 e 1191 s 975 , 60 SPACE 471 t 103 a 354 b 308 l 113 e 249 s 454 ArrowRight 150 ArrowRight 672 ArrowLeft 391 ArrowLeft 574 Shift 532 "" 586 ArrowLeft 148 ArrowLeft 137 ArrowLeft 144 ArrowLeft 138 ArrowLeft 150 ArrowLeft 725 ArrowLeft 369 Shift 189 "" 826 ArrowLeft 500 ArrowLeft 84 ArrowLeft 84 ArrowLeft 84 ArrowLeft 326 ArrowRight 173 ArrowRight 376 Shift 268 "" 497 ArrowLeft 178 ArrowLeft 144 ArrowLeft 125 ArrowLeft 158 ArrowLeft 151 ArrowLeft 132 ArrowLeft 213 ArrowLeft 412 Shift 208 "" 1854 Enter 1084 p 289 r 95 i 76 n 281 t 289 Shift 80 ( 68 ) 768 ArrowLeft 1118 w 200 e 501 i 371 g 937 h 268 t 1770 / 267 Shift 168 ( 65 ) 508 ArrowLeft 820 h 89 e 141 i 630 g 743 h 421 t 1661 Shift 197 * 627 h 123 e 267 i 498 g 896 h 262 t 477 ArrowRight 494 ArrowRight 376 Enter 1015 p 237 r 114 i 76 n 331 t 410 Shift 68 ( 62 ) 1169 ArrowLeft 858 x 502 SPACE 234 i 448 f 593 SPACE 636 x 284 Shift 200 > 409 Shift 224 = 1082 SPACE 565 y 757 SPACE 1166 s 724 Backspace 289 e 207 l 204 s 211 e 805 SPACE 389 y 524 ArrowRight 404 Enter 658 p 298 r 102 i 73 n 311 t 320 Shift 72 ( 68 ) 401 ArrowLeft 713 u 259 p 121 p 173 e 215 r 2390 ArrowLeft 188 ArrowLeft 124 ArrowLeft 145 ArrowLeft 146 ArrowLeft 152 ArrowLeft 370 ArrowRight 781 s 298 [ 130 ] 226 ArrowLeft 1207 0 380 ArrowRight 895 . 356 ArrowRight 167 ArrowRight 158 ArrowRight 147 ArrowRight 264 ArrowRight 441 Shift 160 ( 62 ) 917 SPACE 584 f 183 o 368 r 660 SPACE 330 s 196 SPACE 287 i 72 n 210 SPACE 1626 Shift 228 "" 94 "" 599 ArrowLeft 502 a 770 b 415 c 2109 d 630 e 292 f 433 g",2
24,"528 p 175 r 121 i 101 n 147 t 289 Shift 105 ( 259 m 155 a 192 y 220 j 537 Backspace 434 h 229 . 555 m 740 Backspace 197 s 103 i 97 n 555 Backspace 157 Backspace 134 Backspace 131 Backspace 152 Backspace 292 Backspace 339 t 262 h 783 . 256 s 136 i 139 n 615 Shift 283 ( 643 m 313 a 211 t 152 h 594 . 313 p 340 i 332 / 300 2 431 Shift 248 ) 96 ) 277 Enter 577 p 221 r 109 i 102 n 133 t 295 Shift 76 ( 583 [ 269 Shift 312 "" 569 o 118 r 80 a 92 n 225 g 58 e 235 s 307 Shift 192 "" 622 , 474 Shift 280 "" 358 t 83 a 532 b 223 l 152 e 244 s 231 Shift 204 "" 5700 / 304 Backspace 611 ] 575 Shift 273 ) 274 Shift 508 Enter 531 p 142 r 98 i 108 n 107 t 289 Shift 177 ( 672 w 68 e 218 i 130 g 123 h 120 t 640 / 957 Shift 144 ( 343 h 153 e 150 i 240 g 124 h 1182 t 939 Shift 164 * 395 h 159 e 147 i 183 g 144 h 121 t 513 Shift 392 ) 100 ) 291 Enter 708 p 169 r 80 i 89 n 132 t 254 Shift 68 ( 900 x 115 SPACE 376 i 123 f 183 SPACE 501 x 241 SPACE 173 Shift 116 > 292 = 219 SPACE 1130 y 94 SPACE 244 e 160 l 96 s 84 e 508 SPACE 304 y 124 Shift 149 ) 263 Enter 604 p 152 r 99 i 105 n 112 t 282 Shift 89 ( 828 s 143 [ 236 0 611 ] 1006 . 503 u 345 p 106 p 111 e 80 r 986 Shift 113 ( 184 ) 251 SPACE 590 f 253 o 128 r 120 SPACE 201 s 284 SPACE 112 i 115 n 143 SPACE 228 SPACE 543 Backspace 135 Shift 425 Backspace 203 Backspace 164 SPACE 538 Backspace 267 n 126 SPACE 246 Shift 282 "" 732 a 625 b 519 c 218 d 222 e 279 f 233 g 484 Shift 1388 "" 380 )",1
25,"136306 p 200 r 100 i 162 n 100 t 268 Shift 232 ( 301 m 135 a 183 t 121 h 635 . 229 s 79 i 187 n 327 Shift 249 ( 323 m 104 a 169 t 96 h 608 . 422 p 169 i 658 / 248 2 252 Shift 241 ) 159 ) 260 Enter 408 o 221 r 603 Backspace 111 Backspace 373 p 119 r 160 i 128 n 124 t 213 Shift 236 ( 674 [ 298 Shift 244 "" 339 o 128 r 84 a 167 n 192 g 97 e 299 s 453 Shift 172 "" 497 , 389 Shift 280 "" 567 t 108 a 505 b 371 l 97 e 226 s 437 Shift 181 "" 1446 ] 278 Shift 205 ) 308 Enter 867 p 119 r 161 i 164 n 84 t 241 Shift 228 ( 312 w 116 e 634 i 287 g 215 h 171 t 367 SPACE 489 . 407 Backspace 251 / 138 SPACE 709 Shift 312 ( 338 h 97 e 206 i 234 g 334 h 318 t 436 SPACE 248 Shift 133 * 146 SPACE 176 Shift 125 * 329 h 94 e 178 i 183 g 375 h 1148 t 512 Shift 235 ) 128 ) 639 ArrowLeft 98 ArrowLeft 107 ArrowLeft 118 ArrowLeft 115 ArrowLeft 115 ArrowLeft 125 ArrowLeft 201 ArrowLeft 407 Backspace 360 ArrowRight 120 ArrowRight 116 ArrowRight 94 ArrowRight 113 ArrowRight 117 ArrowRight 117 ArrowRight 140 ArrowRight 459 Enter 2259 p 113 r 103 i 125 n 96 t 370 Shift 239 ( 828 x 253 SPACE 359 i 341 f 204 SPACE 535 x 207 SPACE 259 Shift 256 > 380 = 435 SPACE 439 y 183 SPACE 360 e 316 l 193 s 76 e 327 SPACE 296 y 193 SPACE 171 Shift 468 Backspace 446 Shift 245 ) 251 Enter 343 p 203 r 95 i 100 n 144 t 212 Shift 273 ( 248 s 492 [ 555 0 392 ] 906 . 486 u 404 p 130 p 138 e 149 r 292 Shift 269 ( 188 ) 269 SPACE 346 f 91 o 150 r 203 SPACE 204 s 209 i 211 SPACE 224 i 153 n 1094 Backspace 115 Backspace 107 Backspace 103 Backspace 295 SPACE 273 i 134 n 189 SPACE 419 Shift 257 "" 378 a 255 b 244 c 386 d 642 e 247 f 265 g 320 Shift 180 "" 536 Shift 453 )",2
26,"512 p 233 r 159 i 51 n 73 t 298 Shift 84 ( 64 ) 509 ArrowLeft 541 m 112 a 380 t 122 h 907 . 921 s 76 i 159 n 394 Shift 144 ( 57 ) 1224 ArrowLeft 543 m 80 a 291 t 141 h 654 . 703 p 698 i 665 / 868 2 861 ArrowRight 153 ArrowRight 1376 Enter 996 p 157 r 125 i 104 n 72 t 266 Shift 81 ( 83 ) 509 ArrowLeft 423 Shift 149 { 64 } 632 Backspace 116 Backspace 301 [ 137 ] 310 ArrowLeft 613 Shift 709 "" 112 "" 558 ArrowLeft 610 o 244 r 71 a 181 n 596 e 85 g 662 Backspace 123 Backspace 55 g 168 e 379 s 1572 ArrowRight 629 , 80 SPACE 430 Shift 1160 # 680 Backspace 148 Shift 300 "" 988 "" 373 ArrowLeft 1177 t 88 a 421 b 258 l 256 e 201 s 189 ArrowRight 180 ArrowRight 407 ArrowRight 444 Enter 481 p 337 r 87 i 80 n 124 t 268 Shift 36 ( 76 ) 499 ArrowLeft 683 w 80 e 375 i 306 g 123 h 123 t 537 Backspace 1371 t 608 / 692 Shift 240 ( 60 ) 479 ArrowLeft 718 h 126 e 223 i 653 g 1506 h 106 t 849 Shift 20 * 1032 h 284 e 1663 i 260 g 133 h 244 t 909 ArrowRight 148 ArrowRight 517 Enter 497 p 119 r 176 n 595 Backspace 267 i 103 n 76 t 257 Shift 20 ( 80 ) 524 ArrowLeft 839 x 263 SPACE 298 i 1388 f 284 x 441 SPACE 654 Shift 372 > 312 = 337 SPACE 871 y 393 SPACE 278 e 390 l 238 s 64 e 1076 SPACE 217 y 300 ArrowRight 411 Enter 763 p 319 r 96 i 444 n 250 t 302 Shift 76 ( 76 ) 2386 SPACE 2047 ArrowLeft 685 s 502 [ 211 ] 481 ArrowLeft 471 0 516 ArrowRight 901 . 784 u 374 p 121 p 182 e 52 r 950 Shift 189 ( 63 ) 417 SPACE 722 f 80 o 122 r 146 SPACE 220 s 252 SPACE 340 i 183 n 205 SPACE 396 Shift 784 "" 108 "" 605 ArrowLeft 341 a 286 b 180 c 314 d 341 e 248 f 277 h 802 Backspace 605 g",2
27,"813518 p 267 r 144 i 215 n 203 t 680 Shift 168 ( 100 ) 970 ArrowLeft 505 m 313 a 480 t 152 h 1139 . 1085 s 307 i 291 n 758 Shift 136 ( 88 9 1412 Backspace 233 Shift 152 ) 744 ArrowLeft 427 m 163 a 315 t 294 h 1275 . 365 p 289 i 1295 / 1233 2 775 ArrowRight 269 ArrowRight 423 Enter 1093 p 364 r 134 i 224 n 141 t 631 Shift 386 ( 95 ) 906 ArrowLeft 1357 [ 1344 Shift 342 "" 1501 o 698 r 925 n 1947 Backspace 437 a 326 n 571 g 621 e 1694 Shift 304 "" 1633 , 875 Shift 572 "" 192 "" 792 ArrowLeft 815 t 162 a 651 b 458 k 192 e 268 s 2509 Backspace 238 Backspace 746 l 100 e 863 Backspace 196 Backspace 184 Backspace 1498 l 189 e 351 s 1270 ArrowRight 1027 ] 812 ArrowRight 687 Enter 733 p 166 r 124 i 191 n 142 t 806 Shift 96 ( 68 ) 1539 ArrowLeft 698 w 255 e 654 i 1517 g 198 h 143 t 1581 / 855 h 88 i 2939 Backspace 526 e 103 i 323 g 250 t 93 h 3116 Shift 153 * 1758 h 964 ArrowLeft 202 ArrowLeft 159 ArrowLeft 166 ArrowLeft 170 ArrowLeft 176 ArrowLeft 238 ArrowLeft 268 ArrowLeft 507 Shift 236 ( 502 ArrowRight 188 ArrowRight 158 ArrowRight 178 ArrowRight 165 ArrowRight 187 ArrowRight 194 ArrowRight 823 ArrowRight 1303 e 146 i 346 g 315 h 97 t 805 ArrowRight 559 Shift 284 ) 7604 ArrowLeft 203 ArrowLeft 166 ArrowLeft 170 ArrowLeft 185 ArrowLeft 161 ArrowLeft 156 ArrowLeft 163 ArrowLeft 164 ArrowLeft 1313 Backspace 162 Backspace 581 h 210 t 917 ArrowRight 173 ArrowRight 164 ArrowRight 164 ArrowRight 167 ArrowRight 172 ArrowRight 167 ArrowRight 185 ArrowRight 320 ArrowRight 449 Enter 1063 p 292 r 128 i 197 n 148 t 1378 Shift 101 ( 80 ) 1091 ArrowLeft 468 x 235 SPACE 307 i 406 f 161 SPACE 3449 x 473 Shift 294 . 781 Backspace 179 Shift 137 > 2077 y 310 SPACE 433 e 308 l 159 s 72 e 324 SPACE 960 y 412 Shift 177 ) 1224 Backspace 773 Enter 1084 Backspace 739 ArrowRight 329 Enter 1539 p 169 r 112 i 179 n 127 t 1201 Shift 212 ( 68 ) 885 ArrowLeft 893 s 469 [ 497 ] 637 ArrowLeft 575 0 824 ArrowRight 1472 / 1016 Backspace 299 . 512 u 280 n 1198 Backspace 277 p 182 p 519 e 227 r 1182 Shift 89 ( 76 ) 1243 SPACE 1112 f 193 p 252 r 1106 Backspace 226 Backspace 766 o 121 r 1109 SPACE 798 s 250 SPACE 1241 i 191 n 231 SPACE 1141 Shift 504 "" 148 "" 884 ArrowLeft 560 a 176 b 694 c 296 d 1047 e 815 f 136 g 1068 ArrowRight 454 ArrowRight",1
28,"9871 p 175 r 119 i 263 n 228 t 283 Shift 144 ( 1222 m 119 a 311 t 526 h 1025 . 594 s 93 i 143 n 518 Shift 440 ( 464 m 111 a 457 t 160 h 1510 . 437 p 269 i 448 Shift 3584 / 1951 2 195 Shift 340 ) 912 Shift 168 ) 358 Enter 493 Enter 826 p 321 r 145 i 279 n 238 t 323 Shift 128 ( 1628 [ 627 Shift 709 "" 666 o 269 r 139 a 184 n 539 g 91 e 1870 s 959 Shift 181 "" 1334 ] 544 Shift 553 ) 1388 Backspace 813 Backspace 908 , 1681 Shift 676 "" 775 t 90 a 361 b 314 l 148 e 286 s 510 Shift 241 "" 3235 ] 350 Shift 596 ) 1015 Enter 3291 p 285 r 112 i 240 n 161 t 308 Shift 149 ( 1562 w 349 e 504 i 782 g 148 h 174 t 2157 / 1930 Shift 460 ( 1305 h 254 e 292 i 592 g 124 h 220 t 1927 SPACE 4216 Shift 168 * 1327 SPACE 4128 h 394 e 319 i 836 g 124 h 223 t 586 SPACE 756 Shift 244 ) 926 Shift 372 ) 289 Enter 1727 p 234 r 88 i 260 n 210 t 403 Shift 684 ( 733 x 545 SPACE 704 i 621 f 250 SPACE 852 x 649 SPACE 313 Shift 101 > 1048 Shift 580 = 840 SPACE 797 y 152 SPACE 634 e 314 l 498 s 96 e 772 SPACE 521 y 258 Shift 1050 Shift 108 ) 710 Enter 1234 p 647 r 115 i 250 n 300 t 330 SPACE 848 Backspace 237 Shift 388 ( 2251 s 600 [ 1175 0 541 ] 1161 . 1332 u 447 p 159 p 154 e 152 r 1096 Shift 296 ( 100 ) 999 SPACE 484 f 135 o 137 r 385 SPACE 553 s 209 SPACE 223 i 181 n 205 SPACE 643 Shift 448 "" 985 a 1118 b 171 c 320 s 596 Backspace 271 d 376 e 1016 f 907 g 241 Shift 441 "" 559 Shift 489 ) 1149 Enter",2
29,"8805 p 261 r 270 i 223 n 334 t 226 Shift 149 ( 586 m 133 a 691 t 184 h 452 , 970 Backspace 345 . 185 s 1240 u 528 ¥ 218 i 161 n 244 Shift 144 ( 629 m 166 a 248 t 215 h 1082 . 232 p 494 i 830 / 347 2 351 Control 40 Shift 564 ) 771 Shift 372 ) 302 Enter 999 p 613 r 257 i 208 n 280 t 273 Shift 560 ( 524 [ 243 Shift 501 "" 719 o 328 r 154 a 433 n 285 g 137 e 581 s 2446 Shift 425 "" 642 , 558 Shift 284 "" 785 t 106 a 246 b 501 l 388 e 484 s 358 Shift 627 "" 847 ] 824 Shift 948 } 738 Backspace 125 Shift 2924 ) 958 Enter 768 p 344 r 325 i 203 n 278 t 135 Shift 184 ( 1252 w 176 e 422 i 579 g 158 h 338 t 1453 / 982 Shift 420 ( 844 h 249 e 235 i 410 g 155 h 414 t 736 Shift 456 * 1690 h 205 e 282 i 314 g 188 h 298 t 295 Shift 256 ) 1023 Shift 101 ) 448 Enter 541 p 337 r 254 i 253 n 268 t 292 Shift 785 ( 893 c 580 Backspace 156 x 956 SPACE 903 i 677 f 406 SPACE 1389 x 179 Shift 551 > 188 Shift 156 = 1191 y 216 SPACE 380 e 229 l 113 s 208 e 477 SPACE 485 y 288 Shift 1036 ) 455 Enter 714 p 340 r 292 i 229 n 600 t 1115 Shift 444 ( 789 s 273 [ 982 0 597 ] 273 Shift 1679 . 712 u 215 p 100 p 587 e 167 r 757 Shift 393 ( 456 ) 1002 SPACE 537 f 930 o 514 r 314 SPACE 406 s 637 SPACE 374 i 222 n 272 SPACE 377 Shift 164 "" 1077 a 860 b 265 c 325 d 2021 e 380 f 630 g 203 Shift 257 "" 570 Shift 828 } 959 Backspace 198 Shift 213 )",1
30,"6139 p 178 r 235 i 284 n 177 t 1886 Shift 149 ( 856 m 196 a 342 t 682 h 2211 . 274 s 229 i 919 n 1271 Shift 329 ( 1055 m 255 a 383 t 523 h 1227 . 370 p 315 i 1938 / 681 w 1007 Backspace 134 2 890 Shift 1947 / 160 / 893 Backspace 179 Backspace 399 Shift 392 ) 168 ) 553 Enter 1258 p 236 r 197 i 138 n 186 t 3295 Shift 229 ( 685 [ 2052 Shift 276 "" 1648 o 191 r 2191 a 239 n 3696 g 165 e 515 s 1083 Shift 729 "" 1692 , 1250 Shift 381 "" 2879 t 251 a 1230 b 613 l 4151 e 320 s 1125 Shift 440 "" 2341 ] 308 Shift 212 ) 1709 Enter 648 p 220 r 213 i 135 n 235 t 2143 Shift 193 ( 5748 Backspace 183 Backspace 143 Backspace 133 Backspace 131 Backspace 109 Backspace 36556 Meta 368 v",0
31,"191239 p 217 r 870 i 178 n 131 t 751 Shift 161 ( 52 ) 931 ArrowLeft 807 m 119 a 199 t 169 h 1221 . 208 s 155 i 169 n 327 Shift 553 ( 44 ) 1774 ArrowLeft 649 m 90 a 225 t 254 h 1218 . 376 p 191 i 911 / 352 2 278 ArrowRight 711 ArrowRight 349 Enter 359 p 206 r 69 i 142 n 100 t 255 Shift 1228 ( 84 ) 772 ArrowLeft 265 Shift 821 { 100 { 547 ArrowLeft 761 ArrowRight 347 Backspace 146 Backspace 500 Shift 313 [ 388 ] 549 ArrowLeft 549 Shift 725 "" 120 "" 968 o 234 r 110 a 124 n 131 g 99 e 1631 Enter 165 Enter 178 Enter 525 Backspace 178 Backspace 175 Backspace 179 Backspace 185 Backspace 182 Backspace 190 Backspace 185 Backspace 172 Backspace 286 Backspace 793 Shift 1128 "" 810 ArrowLeft 275 Shift 172 O 314 r 96 a 100 n 160 d 581 Backspace 156 Backspace 178 Backspace 168 Backspace 179 Backspace 681 o 706 r 112 a 56 n 185 g 96 e 1286 ArrowRight 898 , 468 Shift 984 "" 644 "" 2237 ArrowLeft 380 t 114 a 1974 b 537 l 100 e 410 s 688 ArrowRight 244 ArrowRight 352 ArrowRight 771 Enter 334 p 1505 r 104 i 157 n 72 t 405 Shift 304 ( 80 ) 760 ArrowLeft 657 w 136 e 706 i 315 g 185 h 154 t 1430 / 270 Shift 136 ( 64 ) 696 ArrowLeft 983 h 68 e 129 i 126 g 173 h 137 t 528 Shift 270 * 445 h 118 e 163 i 163 g 85 h 186 t 475 ArrowRight 176 ArrowRight 586 Enter 685 p 153 r 252 i 204 n 164 t 594 Shift 161 ( 76 ) 640 ArrowLeft 984 x 691 SPACE 1558 SPACE 217 i 145 f 108 SPACE 1713 x 278 Shift 164 > 261 SPACE 1156 Backspace 324 Shift 140 = 730 SPACE 822 e 661 ArrowLeft 852 y 209 SPACE 1191 ArrowRight 632 l 246 s 128 e 2178 SPACE 562 u 817 Enter 416 y 704 Backspace 202 Backspace 184 Backspace 810 y 439 ArrowRight 329 Enter 569 p 264 r 642 i 159 n 80 t 301 Shift 68 ( 64 ) 659 ArrowLeft 327 s 671 [ 166 ] 880 ArrowLeft 726 0 623 ArrowRight 1120 . 752 u 268 p 141 p 133 e 1361 r 301 Shift 104 ( 77 ) 1148 SPACE 731 f 143 o 349 r 145 SPACE 1532 s 562 SPACE 219 i 209 n 239 SPACE 420 Shift 433 "" 132 "" 818 ArrowLeft 839 a 475 b 304 c 2703 d 387 e 275 f 207 g 843 ArrowRight 581 ArrowRight 717 Enter",1
32,"1214113 p 152 r 120 i 318 n 316 t 955 Shift 800 ( 240 ) 593 ArrowLeft 1426 m 153 a 413 t 456 h 1088 . 1049 s 180 i 382 n 448 Shift 228 ( 136 ) 1032 ArrowLeft 582 m 103 a 276 g 185 t 392 h 1402 ArrowLeft 146 ArrowLeft 1259 Backspace 928 ArrowRight 184 ArrowRight 1905 . 464 p 458 u 188 i 550 Backspace 162 Backspace 326 i 2059 / 1814 2 271 Shift 298 ) 1258 ArrowRight 332 ArrowRight 152 Enter 3245 ArrowUp 698 Control 847 Shift 189 ArrowRight 160 ArrowRight 148 ArrowRight 176 ArrowRight 188 ArrowRight 419 Alt 521 ç 3675 Control 151 z 577 Control 730 Backspace 786 p 476 r 247 i 424 n 214 y 1566 Backspace 817 t 987 Control 2287 Shift 273 ArrowLeft 248 ArrowLeft 316 ArrowLeft 188 ArrowLeft 135 ArrowLeft 157 ArrowLeft 670 Control 409 c 718 ArrowDown 454 Control 365 v 411 Control 1897 p 465 r 468 i 546 n 316 t 1584 Shift 388 ( 140 ) 943 ArrowLeft 1143 Shift 3041 { 2188 Backspace 152 Shift 492 [ 2685 ] 489 ArrowLeft 1355 Shift 693 "" 1786 o 416 r 137 Control 1285 a 186 n 564 g 231 e 1304 s 1475 Shift 968 "" 2020 , 1393 t 1545 Backspace 181 Shift 617 "" 112 "" 1120 ArrowLeft 560 t 167 a 839 b 455 l 452 e 641 a 789 Backspace 556 s 6521 ArrowDown 229 ArrowDown 723 Enter 1238 Shift 839 p 393 r 393 i 270 n 215 t 793 Shift 727 ( 129 ) 807 ArrowLeft 5766 w 209 e 537 i 289 g 616 h 201 t 2250 / 1620 Shift 405 ( 139 ) 549 ArrowLeft 1345 h 424 e 200 i 487 g 413 h 282 t 2093 SPACE 1331 : 623 Backspace 176 Shift 176 * 813 KanjiMode 592 SPACE 846 Backspace 1390 KanjiMode 217 SPACE 1745 Backspace 145 Eisu 269 SPACE 2235 h 240 e 372 i 461 g 252 h 377 t 1124 ArrowRight 152 ArrowRight 179 ArrowRight 196 Enter 743 Shift 901 p 440 r 442 i 212 n 249 t 1197 Shift 457 ( 131 ) 578 ArrowLeft 1409 Alt 172 ≈ 180 ≈ 972 Backspace 101 Backspace 385 x 1079 SPACE 599 i 345 f 864 SPACE 793 x 460 SPACE 528 Shift 3364 > 1335 Shift 244 = 2736 SPACE 35 b 861 Backspace 369 y 1816 s 497 Backspace 159 e 471 l 380 s 197 e 1248 ArrowLeft 172 ArrowLeft 157 ArrowLeft 157 ArrowLeft 461 Backspace 1505 y 215 SPACE 639 ArrowRight 220 ArrowRight 157 ArrowRight 510 ArrowRight 519 SPACE 339 y 980 ArrowRight 395 Enter 914 p 623 r 370 i 241 n 297 t 1312 Shift 224 ( 108 ) 1321 ArrowLeft 400 s 1023 [ 138 ] 510 ArrowLeft 1443 0 512 ArrowRight 993 ArrowRight 703 . 1102 u 367 p 91 p 254 e 116 Shift 49 R 959 Backspace 278 r 1438 Shift 376 ( 137 ) 969 ArrowLeft 383 ArrowRight 552 SPACE 1258 f 394 o 867 r 2165 SPACE 348 s 1054 SPACE 575 i 322 n 868 SPACE 563 Shift 484 "" 120 "" 1518 ArrowLeft 714 a 917 b 199 c 410 d 720 e 225 f 574 g 871 ArrowRight 1410 Shift 453 )",0
33,"7874 p 97 r 116 i 108 n 149 t 197 Shift 219 ( 265 m 116 a 152 t 82 h 684 . 237 s 100 i 169 n 786 Shift 248 ( 266 m 72 a 169 t 88 h 794 . 311 p 201 i 913 / 326 2 211 Shift 413 ) 148 ) 280 Enter 603 r 405 Backspace 394 p 108 r 148 i 107 n 101 t 206 Shift 193 ( 460 [ 342 Shift 437 "" 353 o 144 r 60 a 173 n 129 g 64 e 250 s 341 Shift 164 "" 423 , 269 Shift 153 "" 386 t 72 a 534 b 341 l 88 e 225 s 231 Shift 207 "" 559 ] 322 Shift 228 ) 312 Enter 892 p 178 r 112 i 132 n 80 t 227 Shift 172 ( 289 w 108 e 299 i 194 g 164 h 172 t 610 SPACE 256 / 152 SPACE 802 Shift 268 ( 290 h 92 e 212 i 166 t 581 Backspace 427 g 225 h 229 t 718 SPACE 266 Shift 184 * 173 SPACE 417 h 181 e 216 i 290 g 274 h 187 t 518 Shift 283 ) 132 ) 276 Enter 673 p 134 r 88 i 104 n 108 t 163 Shift 173 ( 362 x 326 i 167 SPACE 302 Backspace 143 Backspace 316 SPACE 414 i 123 n 421 Backspace 153 f 215 SPACE 410 x 264 SPACE 248 Shift 141 > 300 = 431 SPACE 380 y 488 SPACE 325 e 388 s 620 Backspace 413 l 153 e 162 s 628 Backspace 999 Backspace 386 s 115 e 389 SPACE 430 y 256 Shift 168 ) 332 Enter 845 p 115 r 88 i 128 n 100 t 184 Shift 148 ( 448 s 455 [ 552 0 779 ] 1505 . 548 u 283 p 105 p 60 e 164 r 244 Shift 208 ( 196 ) 392 ArrowRight 988 SPACE 367 f 101 o 122 r 221 SPACE 291 s 237 SPACE 183 i 133 n 171 SPACE 277 Shift 153 "" 472 "" 332 ArrowLeft 172 a 299 b 283 c 463 d 626 e 355 f 328 g 662 ArrowRight 798 Shift 297 )",2
34,"402263 p 234 r 104 i 197 n 276 t 1411 Shift 285 ( 1131 m 91 a 415 t 163 h 808 . 227 s 132 i 249 n 449 Shift 717 ( 789 m 92 a 284 t 249 h 1327 . 370 p 183 i 1624 / 1595 2 1180 Shift 424 ) 353 ) 979 Enter 830 p 134 r 161 i 189 n 128 t 129 i 1166 Backspace 734 Shift 373 ( 1500 Shift 1299 Shift 341 { 3346 Backspace 274 [ 2894 2 936 Backspace 641 Shift 253 "" 2466 o 277 r 316 a 529 n 420 g 72 e 336 s 1192 Shift 457 "" 1542 , 178 , 756 Backspace 1895 Shift 689 "" 913 t 100 a 278 b 231 l 128 e 499 s 739 Shift 520 "" 3946 ] 2004 Shift 192 ) 1501 Enter 1082 p 294 r 134 i 227 n 224 t 1246 Shift 620 ( 1279 w 72 e 306 i 474 g 149 h 340 t 1857 / 2077 Shift 228 ( 775 h 115 e 337 i 682 g 403 h 172 t 1922 : 987 Backspace 327 Shift 177 * 1217 h 93 e 480 i 290 g 356 h 238 t 1057 Shift 493 ) 152 ) 853 Enter 673 p 112 r 92 i 151 n 135 t 1088 Shift 221 ( 1406 x 261 SPACE 289 i 626 f 408 SPACE 1183 x 2940 Shift 220 > 1929 Shift 416 = 1872 SPACE 1057 y 967 SPACE 314 e 259 l 223 s 60 e 903 SPACE 413 y 547 Shift 328 ) 1188 Enter 1215 p 219 r 92 i 323 n 478 t 1243 Shift 193 ( 870 s 1993 [ 2351 0 2242 ] 1848 . 615 u 272 p 131 p 228 e 137 r 576 Shift 373 ( 116 ) 1606 f 303 o 109 r 772 SPACE 1320 ArrowLeft 165 ArrowLeft 152 ArrowLeft 369 ArrowLeft 329 SPACE 453 ArrowRight 187 ArrowRight 157 ArrowRight 909 SPACE 491 s 498 SPACE 542 i 154 n 670 SPACE 665 Shift 556 "" 1125 a 340 b 1069 c 499 d 412 e 1131 f 284 g 906 Shift 324 "" 948 Shift 173 )",0
35,"434 p 177 r 108 i 128 n 56 t 245 Shift 89 ( 68 ) 676 ArrowLeft 387 m 104 a 336 t 118 h 536 . 362 s 113 i 100 n 219 Shift 111 ( 82 ) 632 ArrowLeft 419 m 88 a 388 t 581 h 410 . 537 p 370 i 780 / 340 2 162 ArrowRight 480 ArrowRight 341 Enter 1068 p 186 r 104 i 76 n 108 t 284 Shift 60 ( 92 ) 545 ArrowLeft 611 ] 482 Backspace 264 [ 56 ] 331 ArrowLeft 431 Shift 560 # 646 Backspace 131 Shift 268 "" 140 "" 292 o 183 r 156 a 173 n 511 g 100 e 324 s 193 ArrowRight 495 , 1349 Shift 420 "" 120 "" 1436 ArrowLeft 163 ArrowLeft 149 ArrowLeft 317 ArrowLeft 737 ArrowLeft 2487 Meta 121 x 631 ArrowLeft 211 Meta 78 v 445 ArrowRight 287 ArrowRight 179 ArrowRight 328 ArrowRight 494 ArrowRight 742 Backspace 118 Backspace 272 [ 108 ] 394 ArrowLeft 312 Shift 493 "" 308 "" 769 ArrowLeft 390 t 81 a 444 k 187 e 499 Backspace 987 b 474 l 314 e 216 Backspace 161 Backspace 113 Backspace 154 Backspace 1241 b 164 l 449 e 288 s 338 ArrowRight 344 ArrowRight 158 ArrowRight 120 ArrowRight 408 Enter 560 p 134 r 155 i 100 n 23 t 372 Shift 13 ( 100 ) 524 ArrowLeft 741 e 456 Backspace 140 w 68 e 765 i 379 g 343 t 739 Backspace 164 h 64 t 960 SPACE 170 / 110 Shift 1232 Shift 77 ( 64 ) 555 ArrowLeft 216 ArrowLeft 288 ArrowLeft 617 Backspace 333 ArrowRight 212 ArrowRight 754 h 99 e 181 i 762 g 285 t 200 h 828 Backspace 137 Backspace 345 h 145 t 543 Shift 277 * 1175 h 145 e 355 i 1453 g 195 h 170 t 625 ArrowRight 192 ArrowRight 523 Enter 616 p 251 r 40 i 88 n 97 t 305 Shift 3 ( 57 ) 488 ArrowLeft 1012 x 193 SPACE 329 i 1786 f 498 SPACE 140 x 695 SPACE 502 Shift 793 > 184 P 19 = 861 Backspace 178 Backspace 387 Shift 257 = 312 SPACE 1028 y 549 SPACE 658 e 113 l 185 s 84 e 284 SPACE 310 y 535 ArrowRight 499 Enter 512 p 632 r 144 i 124 n 88 t 251 Shift 16 ( 73 ) 616 ArrowLeft 595 s 273 ] 487 Backspace 249 [ 976 ] 814 ArrowLeft 231 0 261 ArrowRight 1096 . 716 u 315 p 130 p 84 e 124 r 757 SPACE 1335 Backspace 251 Shift 496 ( 44 ) 1258 f 95 o 145 r 332 SPACE 950 ArrowLeft 159 ArrowLeft 112 ArrowLeft 143 ArrowLeft 304 SPACE 157 ArrowRight 175 ArrowRight 114 ArrowRight 327 ArrowRight 1249 s 143 SPACE 265 i 241 n 630 SPACE 613 Shift 252 "" 116 "" 619 ArrowLeft 353 a 220 b 189 c 209 d 231 e 827 f 415 g",2
36,"292 p 289 r 144 o 338 n 413 Backspace 142 Backspace 344 i 108 n 115 t 268 Shift 24 ( 84 ) 451 ArrowLeft 452 m 136 a 390 t 96 h 554 . 390 s 61 i 128 n 224 Shift 160 ( 56 ) 448 ArrowLeft 848 m 129 a 430 t 116 h 754 . 569 p 377 i 402 / 469 2 143 ArrowRight 363 ArrowRight 302 Enter 550 p 327 i 64 r 492 Backspace 461 Backspace 146 r 158 i 48 n 115 t 298 Shift 16 ( 787 Shift 352 ) 529 [ 32 ] 593 Backspace 669 Backspace 268 ArrowLeft 612 [ 56 ^ 155 ] 369 Backspace 349 Backspace 595 ] 391 ArrowLeft 697 Shift 269 "" 108 "" 707 o 214 r 135 a 245 n 411 g 673 e 191 s 222 ArrowRight 565 ArrowLeft 2863 Meta 161 x 287 ArrowLeft 224 Meta 150 v 151 ArrowRight 747 ArrowLeft 321 ArrowLeft 646 , 92 SPACE 611 Shift 232 "" 113 "" 986 ArrowLeft 258 t 84 a 430 b 326 l 365 e 278 s 277 ArrowRight 444 ArrowRight 341 ArrowRight 332 Enter 791 p 150 r 138 i 76 n 35 t 273 Shift 68 ( 68 ) 570 ArrowLeft 805 w 72 e 340 i 682 g 115 h 88 t 1843 / 747 Shift 149 ( 48 ) 477 ArrowLeft 1101 h 112 e 330 i 747 g 716 h 92 t 474 Shift 184 * 873 h 110 e 204 u 326 g 230 h 102 t 623 Backspace 119 Backspace 152 Backspace 125 Backspace 134 Backspace 1693 e 159 i 388 g 167 h 91 t 469 ArrowRight 147 ArrowRight 418 Enter 713 p 384 r 80 i 64 n 198 t 259 8 6 Shift 50 ) 830 Backspace 103 Backspace 277 Shift 240 ( 60 ) 739 ArrowLeft 2256 x 178 SPACE 698 i 629 f 262 SPACE 166 x 397 SPACE 1226 Shift 376 > 92 = 316 SPACE 899 y 273 SPACE 266 e 225 l 164 s 84 e 264 SPACE 249 y 236 ArrowRight 563 Enter 906 p 210 r 115 i 14 n 110 t 234 Shift 35 ( 88 ) 464 ArrowLeft 569 a 470 Backspace 136 s 123 [ 1048 ] 864 ArrowLeft 1263 0 393 ArrowRight 1345 . 1024 u 469 p 95 p 152 e 72 r 1222 Shift 160 ( 76 ) 273 SPACE 893 f 151 o 111 r 149 SPACE 739 s 128 SPACE 227 i 315 n 233 SPACE 332 Shift 472 "" 109 "" 498 ArrowLeft 528 a 482 b 381 c 288 d 257 e 381 f 313 g",2
37,"3414 p 240 r 72 i 64 n 84 t 253 Shift 24 ( 80 ) 466 ArrowLeft 481 n 914 Backspace 250 m 100 a 213 r 88 h 632 Backspace 109 Backspace 414 r 68 h 357 Backspace 106 Backspace 94 t 83 h 809 . 363 s 112 i 125 n 604 Shift 141 ( 56 ) 465 ArrowLeft 653 m 154 a 420 t 334 h 349 . 379 p 232 i 466 / 295 2 124 ArrowRight 221 ArrowRight 386 Enter 535 p 121 r 134 i 55 n 69 t 285 Shift 29 ( 64 ) 493 ArrowLeft 1132 [ 116 ] 357 ArrowLeft 522 Shift 200 "" 109 "" 557 o 239 r 76 a 241 n 432 g 107 e 245 s 391 ArrowRight 2697 Meta 128 x 269 ArrowLeft 250 Meta 121 v 255 ArrowRight 889 , 72 SPACE 355 Shift 248 "" 100 "" 469 ArrowLeft 1210 t 120 a 525 b 151 l 241 e 245 s 221 ArrowRight 218 ArrowRight 273 ArrowRight 432 Enter 771 p 222 r 113 i 68 n 76 t 277 Shift 58 ( 32 ) 549 ArrowLeft 502 w 56 e 188 o 646 g 118 h 100 t 791 Backspace 114 Backspace 110 Backspace 112 Backspace 602 i 327 g 198 h 88 t 1159 / 256 Shift 153 ( 31 ) 422 ArrowLeft 683 h 138 e 117 i 618 g 371 h 99 t 661 Shift 172 * 661 h 555 e 530 i 1101 g 119 h 94 t 589 ArrowRight 176 ArrowRight 323 Enter 614 p 203 r 76 i 60 n 88 t 307 8 14 Shift 70 ) 792 Backspace 106 Backspace 207 Shift 259 ( 49 ) 496 ArrowLeft 924 x 136 SPACE 256 i 628 f 197 SPACE 247 x 335 SPACE 508 e 177 l 243 e 53 s 1232 SPACE 1396 Backspace 151 Backspace 227 Backspace 647 s 108 e 156 SPACE 2267 ArrowLeft 167 ArrowLeft 133 ArrowLeft 129 ArrowLeft 238 ArrowLeft 280 ArrowLeft 356 ArrowRight 683 Shift 241 > 180 0 607 Backspace 225 Shift 161 = 328 SPACE 706 y 558 SPACE 225 ArrowRight 142 ArrowRight 130 ArrowRight 200 ArrowRight 334 ArrowRight 821 y 184 ArrowRight 393 Enter 529 p 159 r 114 i 33 n 1139 t 282 Shift 36 ( 32 ) 577 ArrowLeft 774 s 320 [ 153 ] 241 ArrowLeft 557 9 441 Backspace 205 9 1 0 760 Backspace 109 Backspace 471 0 384 ArrowRight 141 ArrowRight 442 ArrowLeft 1358 . 1025 u 1001 p 100 p 123 e 90 r 434 Shift 249 ( 68 ) 303 SPACE 984 f 122 o 231 r 192 SPACE 366 s 133 SPACE 222 i 210 n 197 SPACE 380 Shift 225 "" 112 "" 767 ArrowLeft 708 a 455 v 819 Backspace 134 b 753 c 300 d 337 e 299 f 227 g",2
38,"18852 p 147 r 116 i 112 n 100 t 294 Shift 228 ( 264 m 124 a 247 t 113 h 613 / 438 Backspace 231 . 219 s 149 i 188 n 300 Shift 237 ( 315 m 88 a 184 t 72 h 742 . 272 p 203 i 402 / 282 2 289 Shift 312 ) 140 ) 723 Enter 334 p 128 r 100 i 136 n 119 t 167 Shift 205 ( 454 [ 389 Shift 168 "" 648 o 140 r 68 a 241 n 160 g 112 e 455 s 280 Shift 153 "" 1098 , 685 SPACE 220 Shift 160 "" 556 t 112 a 350 b 301 l 120 e 231 s 332 Shift 181 "" 568 ] 269 Shift 253 ) 358 Enter 819 p 97 r 113 i 118 n 104 t 203 Shift 173 ( 526 w 88 e 282 i 412 g 213 h 149 t 465 SPACE 398 / 129 SPACE 604 Shift 227 ( 292 h 100 e 211 i 358 g 210 h 173 t 611 SPACE 223 Shift 136 * 135 SPACE 246 Shift 1374 h 99 e 183 o 512 Backspace 422 i 270 g 182 h 221 t 479 Shift 256 ) 144 ) 293 Enter 678 p 202 r 107 i 124 n 141 t 166 Shift 160 ( 283 x 289 SPACE 203 i 549 f 242 SPACE 258 x 244 SPACE 253 Shift 192 > 448 = 288 SPACE 381 y 278 SPACE 314 e 420 l 192 s 68 e 380 SPACE 252 Shift 176 ) 316 Enter 867 p 148 r 80 i 112 n 112 t 183 Shift 221 ( 473 s 211 [ 691 0 395 ] 881 . 320 u 376 p 108 p 115 e 172 r 257 Shift 201 ( 168 ) 216 SPACE 302 f 100 o 171 r 177 SPACE 258 s 454 SPACE 231 i 193 n 208 SPACE 874 Shift 191 "" 365 a 199 b 235 c 264 d 603 e 363 f 229 g 388 Shift 216 "" 270 Shift 356 )",2
39,"24007 p 125 r 100 i 124 n 124 t 162 Shift 200 ( 333 m 64 a 200 t 140 h 550 . 236 s 80 o 198 n 311 Shift 292 ( 275 m 103 a 158 t 111 h 643 . 275 p 180 i 429 / 191 2 200 Shift 241 ) 152 ) 319 Enter 204 r 120 p 209 i 187 n 72 t 251 Shift 267 Backspace 145 Backspace 118 Backspace 108 Backspace 116 Backspace 378 p 136 r 110 i 92 n 137 t 167 Shift 177 ( 393 [ 270 Shift 195 "" 354 o 150 r 67 a 206 n 173 g 59 e 241 s 229 Shift 149 "" 486 , 202 Shift 157 "" 981 t 59 a 294 b 306 l 104 e 208 s 227 Shift 176 "" 536 ] 280 Shift 244 ) 461 Enter 587 p 137 r 92 i 84 n 143 t 138 Shift 188 ( 290 w 108 e 208 i 199 g 153 h 165 t 427 SPACE 319 / 142 SPACE 331 Shift 924 ( 302 h 113 e 200 i 198 g 307 h 253 t 344 SPACE 210 Shift 145 * 124 SPACE 472 h 121 e 157 i 172 g 219 h 130 t 303 Shift 256 ) 136 ) 351 Enter 757 p 156 r 100 i 96 n 131 t 141 Shift 213 ( 346 x 214 SPACE 263 i 248 f 198 SPACE 226 x 244 SPACE 213 Shift 153 > 295 = 197 SPACE 804 y 524 e 384 l 273 s 88 e 303 SPACE 389 y 355 Shift 350 ) 911 ArrowLeft 398 ArrowLeft 101 ArrowLeft 221 ArrowLeft 235 ArrowLeft 118 ArrowLeft 237 SPACE 577 Backspace 284 ArrowLeft 174 SPACE 239 ArrowRight 154 ArrowRight 107 ArrowRight 107 ArrowRight 108 ArrowRight 117 ArrowRight 125 ArrowRight 120 ArrowRight 514 Enter 593 p 157 r 72 i 108 n 128 t 145 Shift 221 ( 282 s 263 [ 718 0 273 ] 1036 . 473 u 407 p 101 p 128 e 156 r 233 Shift 256 ( 196 ) 290 SPACE 262 f 76 o 165 r 242 SPACE 362 s 221 SPACE 272 i 158 n 157 SPACE 308 Shift 133 "" 535 a 200 b 225 c 256 d 260 f 372 Backspace 168 e 290 f 601 g 340 Shift 217 "" 361 Shift 317 )",2
40,"141407 p 110 r 114 i 136 n 104 t 196 Shift 225 ( 308 m 132 a 179 t 156 h 509 . 200 s 356 i 221 n 409 Shift 224 ( 283 m 93 a 158 t 104 h 607 . 244 p 196 i 602 / 189 2 247 Shift 275 ) 153 ) 322 Enter 504 p 117 r 120 i 100 n 165 t 176 Shift 286 ( 488 [ 402 Shift 152 "" 371 o 134 r 64 a 193 n 136 g 96 e 220 s 274 Shift 156 "" 363 , 346 Shift 385 "" 332 t 68 a 444 b 381 l 80 e 248 s 217 Shift 201 "" 314 ] 277 Shift 172 ) 347 Enter 667 p 147 r 96 i 119 n 151 t 141 Shift 201 ( 201 w 100 e 235 o 861 Backspace 468 i 255 g 194 h 199 t 576 SPACE 442 / 152 SPACE 204 Shift 217 ( 319 h 77 e 163 i 215 g 157 h 161 t 479 SPACE 174 Shift 145 * 126 SPACE 505 h 108 e 149 i 686 g 198 h 146 t 924 Shift 352 ) 140 ) 273 Enter 667 p 176 r 68 i 124 n 96 t 166 Shift 184 ( 248 SPACE 356 x 229 SPACE 811 i 120 f 189 SPACE 249 x 412 Shift 160 > 312 = 278 SPACE 405 y 374 SPACE 281 e 281 s 100 e 210 l 921 Backspace 112 Backspace 121 Backspace 374 l 263 e 493 Backspace 202 s 72 e 654 SPACE 338 y 133 SPACE 189 Shift 173 ) 329 Enter 683 p 212 r 89 i 140 n 119 t 186 Shift 173 ( 281 s 339 [ 566 0 676 ] 498 . 322 u 269 p 106 p 118 s 68 e 199 r 285 Shift 309 ( 236 ) 426 SPACE 505 f 79 o 137 r 175 SPACE 547 s 179 SPACE 228 i 196 n 144 SPACE 244 Shift 166 "" 340 a 206 b 196 c 355 d 560 e 340 f 249 g 555 Shift 424 )",2
41,"64805 p 148 r 88 i 120 n 120 t 178 Shift 225 ( 295 m 127 a 170 t 83 h 584 . 179 s 137 i 217 n 309 Shift 249 ( 263 m 104 a 190 t 123 h 772 . 307 p 192 i 444 / 388 2 261 Shift 409 ) 135 ) 280 Enter 578 p 123 r 118 i 105 n 99 t 191 Shift 213 ( 903 [ 261 Shift 131 "" 367 o 118 r 92 a 148 n 143 g 112 e 225 s 293 Shift 140 "" 339 , 486 Shift 121 "" 308 t 111 a 421 b 382 l 100 e 196 s 694 Shift 136 "" 421 ] 408 Shift 180 ) 356 Enter 557 p 180 r 114 i 104 n 148 t 184 Shift 228 ( 219 w 108 e 252 i 266 g 218 h 125 t 498 SPACE 295 / 168 SPACE 652 Shift 237 ( 309 h 132 e 208 i 275 g 229 h 141 t 382 SPACE 236 Shift 107 * 172 SPACE 519 h 114 e 195 i 1897 g 152 h 162 t 342 Shift 321 ) 128 ) 1068 Enter 398 p 153 r 85 i 107 n 173 t 156 Shift 221 ( 955 x 217 SPACE 292 i 213 f 256 SPACE 494 x 230 SPACE 211 Shift 158 > 309 = 230 SPACE 736 y 194 SPACE 922 e 314 s 100 e 386 l 3524 Backspace 243 Backspace 131 Backspace 3183 l 343 s 76 e 483 SPACE 285 y 109 SPACE 180 Shift 193 ) 341 Enter 621 p 144 r 104 i 137 n 126 t 1773 Shift 121 ( 371 s 353 [ 438 0 756 ] 511 . 437 u 244 p 141 p 113 e 164 r 471 Shift 621 ( 204 ) 530 SPACE 337 f 84 o 127 r 163 SPACE 418 s 177 SPACE 219 i 155 n 194 SPACE 418 2 149 Shift 401 Backspace 211 Shift 128 "" 331 a 404 b 256 c 583 d 578 e 446 f 225 g 275 Shift 284 "" 256 Shift 144 )",2
42,"285397 p 148 r 96 i 73 n 90 t 199 Shift 149 ( 1550 Backspace 211 Backspace 179 Backspace 167 Backspace 161 Backspace 174 Backspace 252 Eisu 392 p 133 r 107 i 71 n 114 t 154 Shift 141 ( 717 m 102 a 64 t 87 h 501 . 180 s 165 i 40 n 260 Shift 353 ( 418 m 75 a 85 t 246 h 871 . 239 p 185 i 439 / 332 2 285 Shift 413 ) 127 ) 507 Enter 565 p 205 r 68 i 72 n 103 t 160 Shift 76 ( 810 [ 1275 Shift 289 "" 356 o 143 r 68 a 376 n 168 g 56 e 65 s 443 Shift 279 "" 268 , 138 SPACE 980 Shift 272 "" 472 t 48 a 130 b 146 e 94 l 525 Backspace 143 Backspace 536 l 61 e 92 s 278 Shift 329 "" 860 ] 266 Shift 1272 ) 583 Enter 481 p 134 r 71 i 73 n 124 t 145 Shift 85 ) 1156 Backspace 140 Shift 231 ( 421 w 124 e 414 i 121 g 128 h 106 t 933 SPACE 211 / 169 SPACE 409 h 105 e 140 i 257 g 112 h 150 t 453 SPACE 135 Shift 285 * 128 SPACE 1102 h 71 e 142 i 144 g 76 h 107 t 299 Shift 329 ) 128 ) 651 Enter 521 p 261 r 124 i 81 n 113 t 161 Shift 153 ( 653 x 118 SPACE 228 i 1775 f 117 SPACE 462 x 325 SPACE 252 Shift 240 > 952 = 184 SPACE 676 y 391 SPACE 236 e 138 l 96 s 76 e 412 SPACE 153 Shift 509 y 168 Shift 116 ) 408 Enter 363 p 133 r 96 i 72 n 101 t 126 Shift 84 ( 269 s 388 [ 393 0 344 ] 669 . 119 s 411 Backspace 250 i 3 u 862 p 296 Backspace 184 Backspace 161 Backspace 558 u 240 p 141 p 125 e 88 r 1307 Shift 241 ( 200 ) 225 SPACE 522 f 92 o 92 r 97 SPACE 254 s 139 SPACE 174 i 112 n 152 SPACE 396 Shift 297 "" 365 a 217 b 227 c 230 d 921 e 526 f 154 g 197 Shift 453 "" 692 )",2
43,"1400 p 135 r 149 i 84 n 22 t 305 Shift 160 ( 65 ) 552 ArrowLeft 447 m 126 a 492 Backspace 677 a 617 t 199 h 564 . 412 s 173 i 161 n 302 Shift 153 ( 81 ) 641 ArrowLeft 518 m 223 a 269 t 156 h 1434 . 477 p 203 i 445 / 531 2 176 ArrowRight 615 ArrowRight 412 Enter 655 p 185 r 122 i 56 n 92 t 258 Shift 81 ( 36 ) 510 ArrowLeft 671 [ 64 ] 573 ArrowLeft 628 Shift 316 "" 104 "" 516 ArrowLeft 641 o 180 r 92 a 136 n 351 g 92 e 251 s 286 ArrowRight 843 , 228 SPACE 393 Shift 457 "" 100 "" 676 ArrowLeft 622 t 68 a 622 b 186 l 196 e 233 s 182 ArrowRight 241 ArrowRight 439 ArrowRight 261 Enter 487 p 171 r 126 i 60 n 32 t 284 Shift 48 ( 69 ) 477 ArrowLeft 744 w 96 e 250 i 695 g 130 h 98 t 781 / 235 Shift 156 ( 68 ) 396 ArrowLeft 590 h 128 e 177 i 356 g 491 h 117 t 1172 Shift 140 * 609 h 269 e 462 i 524 g 151 h 103 t 487 ArrowRight 433 ArrowRight 378 Enter 532 p 299 i 383 Backspace 172 r 195 i 88 n 156 t 197 8 64 Shift 61 ) 681 Backspace 110 Backspace 124 Shift 257 ( 44 ) 418 ArrowLeft 961 x 164 SPACE 259 i 484 f 135 SPACE 232 x 333 SPACE 1791 Shift 841 > 40 = 435 SPACE 581 e 175 l 132 s 72 e 685 ArrowLeft 140 ArrowLeft 122 ArrowLeft 293 ArrowLeft 1975 y 765 SPACE 524 ArrowLeft 139 ArrowLeft 305 SPACE 207 ArrowRight 265 ArrowRight 132 ArrowRight 119 ArrowRight 234 ArrowRight 170 ArrowRight 589 SPACE 409 y 170 ArrowRight 513 Enter 853 p 214 r 100 i 72 n 52 t 271 Shift 60 ( 68 ) 460 ArrowLeft 807 s 191 [ 140 ] 501 ArrowLeft 490 0 600 ArrowRight 617 SPACE 374 ¥ 425 . 602 u 123 u 188 p 201 e 96 r 706 ArrowLeft 85 ArrowLeft 105 ArrowLeft 120 ArrowLeft 115 ArrowLeft 132 ArrowLeft 608 Backspace 653 Backspace 540 ArrowRight 151 ArrowRight 136 ArrowRight 140 ArrowRight 767 ArrowLeft 513 Backspace 287 p 311 ArrowRight 127 ArrowRight 119 ArrowRight 1053 Shift 293 ( 80 ) 500 SPACE 767 f 75 o 109 r 130 SPACE 171 s 142 SPACE 236 i 126 j 40 n 266 SPACE 483 ¥ 259 Backspace 138 Backspace 127 Backspace 349 Backspace 663 n 172 SPACE 986 Shift 593 "" 223 "" 516 ArrowLeft 618 a 269 b 485 c 361 d 238 e 180 f 263 g",2
44,"792617 p 168 r 97 i 152 n 138 t 205 Shift 261 ( 618 m 120 a 306 h 147 t 504 Backspace 134 Backspace 149 t 213 h 451 . 163 s 148 i 195 n 303 Shift 279 ( 244 m 92 a 164 t 595 h 735 . 276 p 238 i 800 / 197 2 180 Shift 230 ) 166 ) 336 Enter 641 p 267 i 604 Backspace 311 r 132 i 133 n 120 t 187 Shift 252 ( 650 [ 299 Shift 165 "" 400 o 142 r 64 a 204 n 233 g 96 e 335 s 559 Shift 140 "" 721 , 282 Shift 128 "" 335 t 76 a 294 b 397 l 96 e 212 s 266 Shift 232 "" 337 ] 329 Shift 361 ) 374 Enter 667 p 145 r 104 i 120 n 134 t 143 Shift 217 ( 234 w 111 e 338 i 184 g 111 h 146 t 547 SPACE 295 / 153 SPACE 676 Shift 245 ( 271 h 112 e 203 i 184 g 226 h 115 t 365 SPACE 201 Shift 173 * 149 SPACE 1133 h 116 e 135 i 153 g 154 h 130 t 329 Shift 285 ) 142 ) 297 Enter 704 p 155 r 112 i 132 n 97 t 168 Shift 205 ( 190 x 249 SPACE 318 i 166 f 222 SPACE 252 x 354 Shift 153 > 448 = 386 SPACE 326 y 237 SPACE 254 e 309 l 259 s 84 e 331 SPACE 910 y 258 Shift 241 ) 374 Enter 1111 r 375 Backspace 467 p 101 r 128 i 124 n 72 t 189 Shift 206 ' 338 s 724 Backspace 111 Backspace 332 Shift 269 ( 284 s 604 [ 384 0 775 ] 700 . 410 u 347 p 124 p 83 e 160 r 274 Shift 293 ( 188 ) 260 SPACE 271 f 164 o 151 r 187 SPACE 252 s 236 SPACE 268 i 183 n 206 SPACE 565 Shift 156 "" 317 a 232 b 219 c 303 d 287 e 275 f 267 g 324 Shift 253 "" 991 Shift 348 )",2
45,"192541 p 91 r 145 i 36 m 1 n 147 t 473 Backspace 139 Backspace 240 Backspace 638 n 192 t 126 Shift 77 ( 899 m 71 a 123 t 68 h 368 . 412 s 149 n 1209 ¥ 276 Backspace 134 Backspace 515 i 44 n 140 Shift 116 ( 818 p 140 a 373 Backspace 155 Backspace 487 m 64 a 183 t 103 h 348 . 374 p 44 i 304 / 250 2 458 Shift 647 ) 617 ) 847 Enter 484 p 60 r 88 i 48 n 71 t 512 Shift 524 ( 224 "" 2446 Backspace 160 [ 150 Shift 60 "" 799 p 192 r 681 ¥ 115 ¥ 485 Backspace 126 Backspace 139 Backspace 620 Backspace 578 o 147 r 89 a 227 n 352 g 64 e 197 s 220 Shift 120 "" 380 , 13 SPACE 336 Shift 81 "" 606 t 108 a 85 b 36 l 112 e 273 s 213 Shift 83 "" 878 ] 560 Shift 327 ) 777 Enter 384 p 71 r 95 i 48 n 76 t 118 Shift 133 ( 917 w 664 i 324 Backspace 398 e 262 i 581 g 36 h 101 t 606 SPACE 703 / 105 SPACE 233 Shift 745 ( 300 h 3 g 65 e 119 o 385 Backspace 137 Backspace 347 Backspace 484 e 60 i 1130 g 32 h 242 t 363 SPACE 142 Shift 96 * 178 SPACE 686 h 64 e 92 i 337 g 31 h 211 t 295 Shift 288 ) 806 Shift 157 ) 495 Enter 567 p 55 r 107 i 52 n 70 t 181 Shift 92 ( 200 x 276 SPACE 257 i 121 f 321 SPACE 118 SPACE 521 Backspace 431 Backspace 178 SPACE 627 x 372 SPACE 807 Shift 980 > 280 = 662 SPACE 183 y 491 SPACE 228 e 36 l 256 s 61 e 178 SPACE 596 y 126 Shift 73 ) 764 Enter 363 p 64 r 90 i 52 n 72 t 126 Shift 65 ( 432 s 99 [ 204 0 273 : 22 ] 524 . 166 Backspace 114 Backspace 349 Backspace 15 ] 590 . 237 i 1 u 17 @ 4 p 111 @ 4 p 176 e 48 r 368 Backspace 109 Backspace 114 Backspace 132 Backspace 124 Backspace 121 Backspace 117 Backspace 125 Backspace 612 u 122 p 97 p 126 e 75 r 160 Shift 9 ) 9 0 558 Backspace 136 Backspace 296 Shift 301 ( 23 ) 190 SPACE 68 f 76 o 97 r 113 SPACE 254 s 112 SPACE 120 i 52 n 88 SPACE 104 Shift 53 "" 378 a 96 b 412 c 206 d 154 e 150 f 153 g 243 Shift 156 "" 1060 ) 1543 Enter",2
46,"410120 p 419 r 207 i 900 n 224 t 967 Shift 259 ( 788 m 144 a 291 t 361 h 1915 . 386 s 115 i 287 n 901 Shift 320 ( 1644 m 132 a 278 t 259 h 2093 . 540 p 353 i 1988 / 864 2 856 Shift 124 ) 592 ) 573 Enter 1267 p 271 r 91 i 193 n 199 t 1207 Shift 208 ( 979 [ 1945 Shift 228 "" 2258 o 475 r 148 a 455 n 320 g 124 e 286 s 1228 Shift 243 "" 1139 , 401 Shift 173 "" 997 t 124 a 723 b 270 l 149 e 397 s 1381 Shift 168 "" 1714 ] 766 Shift 133 ) 1116 Enter 1035 p 441 r 144 i 190 n 168 t 1306 Shift 210 ( 1439 w 986 e 215 i 409 g 200 h 278 t 1611 / 1516 Shift 233 ( 1279 h 167 e 565 i 292 g 981 h 269 t 3211 Shift 172 * 2220 h 266 e 522 i 581 g 586 h 181 t 1219 Shift 245 ) 180 ) 636 Enter 736 p 286 r 106 i 171 n 178 t 1101 Shift 361 ( 937 x 194 SPACE 1558 i 190 f 217 SPACE 1041 x 2207 SPACE 1006 Shift 261 > 773 Shift 393 = 2396 y 196 SPACE 866 e 153 l 171 s 186 e 235 SPACE 972 y 1640 Shift 172 ) 601 Enter 716 p 405 r 156 i 238 n 470 t 702 Shift 208 ( 593 s 1253 [ 603 0 532 ] 1553 . 689 u 601 p 201 p 208 e 272 r 670 Shift 165 ( 124 ) 1734 SPACE 677 f 221 o 284 r 232 SPACE 326 s 229 i 196 SPACE 267 i 189 n 222 SPACE 1304 Backspace 573 Shift 241 "" 872 a 896 b 258 c 487 d 286 e 290 f 829 g 539 Shift 269 "" 699 Shift 216 ) 6291 ArrowLeft 1006 Backspace",1
47,"1893 p 133 r 177 i 300 n 117 t 440 Shift 545 ( 104 ) 702 ArrowLeft 504 m 134 a 480 t 139 h 881 . 670 s 225 i 470 n 455 Shift 844 ( 109 ) 681 ArrowLeft 412 m 106 a 428 t 152 h 956 . 354 p 144 i 594 / 649 2 168 ArrowRight 552 ArrowRight 548 Enter 680 p 250 e 197 i 380 n 102 t 457 Shift 456 Backspace 198 Backspace 182 Backspace 185 Backspace 602 r 395 i 349 n 77 t 387 Shift 342 ( 1348 [ 421 Shift 445 "" 901 o 284 r 132 a 410 n 183 g 124 e 251 s 935 Shift 389 "" 724 , 96 SPACE 459 Shift 621 "" 1559 t 83 a 552 b 476 l 1058 e 145 s 734 Shift 553 "" 2966 ] 661 Shift 616 ) 1113 Enter 740 p 98 r 472 i 231 n 151 t 388 Shift 777 ( 104 ) 635 ArrowLeft 439 w 128 e 281 i 301 g 349 h 99 t 278 SPACE 965 / 99 SPACE 1242 h 154 e 305 i 427 g 416 h 270 t 781 SPACE 336 Shift 241 * 163 SPACE 963 h 111 e 243 i 226 g 374 h 125 t 547 ArrowRight 1090 Shift 776 ) 5757 Shift 705 ( 881 ArrowRight 258 ArrowRight",2
48,"456 p 240 r 68 i 92 n 56 t 274 Shift 49 ( 88 ) 651 ArrowLeft 510 m 265 a 267 t 118 h 511 . 184 s 192 i 171 n 412 Shift 105 ( 80 ) 389 ArrowLeft 537 a 404 Backspace 284 m 91 a 277 t 165 h 857 . 440 p 717 i 852 / 372 2 119 ArrowRight 565 ArrowRight 248 Enter 479 p 222 r 72 i 64 n 84 t 307 Shift 8 ( 76 ) 499 ArrowLeft 640 [ 80 ] 356 ArrowLeft 525 Shift 332 "" 120 "" 525 ArrowLeft 697 o 197 r 96 a 171 n 426 g 90 e 234 s 380 ArrowRight 168 ArrowRight 352 ArrowLeft 829 , 92 SPACE 455 Shift 285 "" 120 "" 579 ArrowLeft 855 t 32 a 293 b 399 l 411 e 332 s 550 ArrowRight 166 ArrowRight 116 ArrowRight 335 Enter 587 p 233 r 48 i 64 n 100 t 278 Shift 33 ( 40 ) 542 ArrowLeft 856 w 132 e 356 i 418 g 142 h 55 t 790 / 327 Shift 221 ( 52 ) 431 ArrowLeft 637 h 381 e 103 i 411 g 424 h 108 t 618 Shift 200 * 758 h 123 e 306 o 336 g 140 h 120 t 814 Enter 158 Backspace 121 Backspace 137 Backspace 215 Backspace 410 Backspace 549 i 363 g 104 h 112 t 402 ArrowRight 150 ArrowRight 297 Enter 523 p 166 r 143 i 56 n 80 t 290 Shift 32 ( 84 ) 643 ArrowLeft 762 x 147 SPACE 400 i 293 SPACE 841 Backspace 1164 f 146 SPACE 394 x 172 SPACE 712 Shift 188 > 340 = 381 SPACE 731 y 255 SPACE 344 e 180 l 132 s 57 e 495 SPACE 304 y 312 ArrowRight 645 Enter 750 p 353 i 9 r 515 Backspace 134 Backspace 366 r 75 i 69 n 110 t 249 Shift 41 ( 56 ) 486 ArrowLeft 725 s 158 [ 121 ] 338 ArrowLeft 487 0 387 ArrowRight 1244 . 560 u 432 p 109 p 515 e 40 r 449 Shift 73 ( 39 ) 791 SPACE 521 f 119 i 111 r 123 SPACE 323 s 112 SPACE 207 i 296 SPACE 1107 Backspace 139 Backspace 117 Backspace 109 Backspace 100 Backspace 151 Backspace 577 Backspace 329 o 348 r 112 SPACE 375 s 128 SPACE 254 i 131 n 235 SPACE 403 Shift 132 { 56 } 756 Backspace 103 Backspace 240 [ 109 ] 319 ArrowLeft 373 Shift 237 "" 104 "" 448 ArrowLeft 711 ArrowRight 278 ArrowRight 602 Backspace 170 Backspace 136 Backspace 277 Backspace 683 Shift 477 "" 388 "" 517 ArrowLeft 324 a 356 b 337 c 253 d 344 e 252 f 271 g",2
49,"167501509 p 851 Backspace 497 p 177 r 120 t 100 i 109 n 167 Shift 122 ( 191 m 100 a 94 t 100 h 840 . 189 s 767 i 123 n 251 Shift 76 ( 200 m 103 a 102 t 95 h 529 . 437 p 122 i 408 / 190 2 238 Shift 105 ) 1038 Shift 136 ) 506 Enter 285 p 143 r 160 i 96 n 132 t 263 Shift 100 ( 132 ) 1053 ArrowLeft 1228 Shift 416 [ 259 ] 1599 Shift 340 "" 349 o 150 r 92 a 131 n 128 g 168 e 1981 Backspace 501 Backspace 84 Backspace 84 Backspace 84 Backspace 84 Backspace 84 Backspace 181 Backspace 684 ArrowRight 373 Backspace 192 Backspace 1823 [ 276 Shift 289 "" 279 o 139 r 228 n 429 Backspace 172 a 674 n 122 g 128 e 274 s 419 Shift 216 "" 302 , 229 Shift 212 "" 654 t 132 a 112 b 154 l 108 e 180 s 305 Shift 165 ! 885 ] 745 Backspace 160 Backspace 386 Shift 397 "" 1577 ] 878 Shift 140 ) 423 Enter 390 p 140 r 129 i 96 n 56 t 234 Shift 128 ( 634 w 114 e 144 i 86 g 129 h 105 t 1152 SPACE 135 / 998 SPACE 401 Shift 133 ( 231 h 110 e 212 g 523 Backspace 473 i 124 g 135 h 158 t 974 SPACE 214 Shift 105 * 205 SPACE 565 h 92 e 114 i 96 g 104 h 113 t 863 Shift 141 ) 112 ) 474 Enter 566 p 136 r 106 i 70 n 108 t 204 Shift 92 ( 1188 x 168 SPACE 224 i 338 f 620 SPACE 318 x 161 SPACE 209 Shift 353 > 1009 Shift 93 = 1470 SPACE 163 y 112 SPACE 502 e 134 l 137 s 128 e 268 SPACE 1892 y 151 Shift 129 ) 1326 Enter 471 p 157 r 120 i 17 t 54 n 221 Shift 85 ( 1079 Backspace 158 Backspace 158 Backspace 230 Backspace 602 i 131 n 116 t 209 Shift 43 ( 1018 s 422 [ 382 0 1005 ] 460 . 323 u 234 p 131 p 48 e 195 r 230 Shift 80 ( 76 ) 1605 SPACE 374 f 106 o 145 r 142 SPACE 949 s 204 SPACE 275 i 302 n 264 SPACE 995 Shift 508 "" 528 a 163 b 193 c 306 d 225 e 777 f 189 g 220 Shift 173 "" 501 Shift 188 )",1
